customer_id,current_score,predicted_1q,predicted_2q,predicted_3q,predicted_change,trend
CUST_000000,77.3,75.51363636363625,77.18776223776212,78.92512487512474,-1.7863636363637454,stable
CUST_000001,84.7,83.25909090909076,83.17307692307674,82.92382617382596,-1.4409090909092441,stable
CUST_000002,56.1,53.36136363636352,49.499825174825034,45.05631868131852,-2.7386363636364806,down
CUST_000003,50.9,52.85454545454535,54.09650349650337,55.47422577422562,1.9545454545453538,stable
CUST_000004,50.7,57.50227272727264,60.13304195804185,63.17225274725262,6.802272727272637,up
CUST_000005,64.7,68.5749999999999,66.45262237762226,63.84907592407579,3.8749999999999005,up
CUST_000006,85.0,80.05909090909083,79.37937062937054,78.46798201798192,-4.940909090909173,down
CUST_000007,80.6,74.60909090909072,75.5363636363634,76.50049950049922,-5.99090909090927,down
CUST_000008,87.3,88.08181818181805,91.81608391608374,95.92917082917062,0.7818181818180534,stable
CUST_000009,68.0,68.52954545454534,72.5092657342656,76.9839410589409,0.5295454545453424,stable
CUST_000010,59.8,63.34772727272717,66.56590909090896,70.14547952047937,3.5477272727271725,up
CUST_000011,70.3,67.53863636363619,67.04702797202776,66.47215284715259,-2.7613636363638108,down
CUST_000012,30.6,26.577272727272664,23.663986013985937,20.42222777222768,-4.022727272727337,down
CUST_000013,42.7,40.92499999999988,39.70611888111875,38.40846653346638,-1.7750000000001194,stable
CUST_000014,83.0,79.28181818181805,80.68461538461523,82.17212787212767,-3.7181818181819466,down
CUST_000015,70.6,73.02272727272714,73.18986013985997,73.44810189810171,2.422727272727144,up
CUST_000016,82.2,75.02272727272721,76.25209790209783,77.56888111888104,-7.177272727272793,down
CUST_000017,74.7,80.99999999999989,84.52097902097888,88.5530469530468,6.2999999999998835,up
CUST_000018,67.4,64.96590909090898,64.05541958041944,62.88034465534448,-2.434090909091026,down
CUST_000019,66.6,63.920454545454376,62.34772727272707,60.52879620379597,-2.679545454545618,down
CUST_000020,91.5,87.07727272727257,89.31783216783197,91.65959040959018,-4.422727272727428,down
CUST_000021,57.7,55.204545454545354,58.28846153846142,61.80834165834152,-2.495454545454649,down
CUST_000022,59.2,59.77727272727261,61.71923076923062,63.94950049950032,0.5772727272726073,stable
CUST_000023,54.4,55.60454545454536,52.561888111888,49.13191808191795,1.2045454545453609,stable
CUST_000024,86.2,78.09090909090891,76.33356643356622,74.2488511488509,-8.109090909091094,down
CUST_000025,54.4,53.722727272727155,54.796853146852996,56.20424575424558,-0.6772727272728432,stable
CUST_000026,32.4,42.974999999999916,41.5715034965034,40.08703796203784,10.574999999999918,up
CUST_000027,52.1,52.993181818181725,52.908566433566314,52.90961538461524,0.8931818181817235,stable
CUST_000028,49.1,55.72727272727264,54.782517482517385,53.80089910089899,6.62727272727264,up
CUST_000029,34.3,36.47272727272717,33.370629370629246,29.92447552447537,2.1727272727271725,up
CUST_000030,60.2,62.18863636363626,63.136888111887984,64.16590909090894,1.9886363636362603,stable
CUST_000031,51.8,52.01363636363625,52.61783216783204,53.413136863136714,0.2136363636362546,stable
CUST_000032,62.4,68.12954545454535,72.39877622377611,77.31730769230757,5.729545454545352,up
CUST_000033,97.2,92.83181818181805,94.37097902097888,95.84440559440543,-4.368181818181952,down
CUST_000034,46.2,49.02045454545445,48.93513986013975,48.752572427572304,2.820454545454446,up
CUST_000035,95.5,91.08863636363618,93.69073426573405,96.61316183816157,-4.4113636363638165,down
CUST_000036,64.5,63.97727272727255,61.36048951048929,58.398551448551174,-0.522727272727451,stable
CUST_000037,57.3,57.26590909090898,53.65611888111874,49.50991508491492,-0.034090909091020194,stable
CUST_000038,54.4,51.31818181818177,51.646153846153794,51.93226773226768,-3.081818181818228,down
CUST_000039,65.9,65.16818181818168,62.02692307692291,58.43501498501478,-0.7318181818183263,stable
CUST_000040,57.3,59.59545454545442,61.7989510489509,64.3286213786212,2.295454545454426,up
CUST_000041,100.0,97.08636363636344,97.49615384615362,97.75409590409564,-2.913636363636556,down
CUST_000042,49.9,56.449999999999896,57.490559440559316,58.60684315684301,6.549999999999898,up
CUST_000043,26.6,31.170454545454465,32.53339160839151,34.40996503496492,4.570454545454464,up
CUST_000044,53.3,64.1613636363635,66.15576923076907,68.41096403596383,10.861363636363507,up
CUST_000045,24.3,27.7295454545454,26.86870629370623,26.125999000998924,3.429545454545398,up
CUST_000046,60.0,56.20681818181802,56.754370629370435,57.39238261738238,-3.793181818181978,down
CUST_000047,30.2,36.51590909090897,34.577447552447396,32.52774725274706,6.315909090908971,up
CUST_000048,63.8,63.088636363636205,63.22779720279701,63.4166583416581,-0.7113636363637923,stable
CUST_000049,65.0,62.92954545454538,63.91835664335655,64.98044455544445,-2.0704545454546235,down
CUST_000050,81.0,74.8636363636362,76.85874125874106,79.16553446553422,-6.136363636363797,down
CUST_000051,50.7,50.263636363636294,49.588111888111804,48.91078921078911,-0.43636363636370845,stable
CUST_000052,36.8,49.57272727272714,47.16713286713271,44.56893106893088,12.772727272727145,up
CUST_000053,54.8,62.38863636363623,63.68024475524459,65.13993506493486,7.588636363636233,up
CUST_000054,71.8,69.75909090909079,68.67307692307678,67.39855144855129,-2.04090909090921,down
CUST_000055,78.6,79.48409090909078,81.01066433566419,82.75197302697285,0.8840909090907871,stable
CUST_000056,57.0,56.56818181818171,55.126923076922964,53.44270729270717,-0.43181818181828646,stable
CUST_000057,60.9,59.74318181818174,62.99912587412578,66.66481018981008,-1.1568181818182595,stable
CUST_000058,70.2,77.02954545454533,78.40856643356628,80.04887612387594,6.829545454545325,up
CUST_000059,73.5,78.94772727272714,81.37919580419563,83.9512737262735,5.4477272727271355,up
CUST_000060,54.7,57.9681818181817,58.787062937062785,59.74290709290691,3.268181818181695,up
CUST_000061,61.9,57.98863636363627,58.66695804195792,59.385789210789056,-3.911363636363731,down
CUST_000062,46.9,50.71363636363624,50.29965034965021,49.83661338661321,3.813636363636242,up
CUST_000063,59.9,65.03636363636349,67.60909090909074,70.67532467532448,5.136363636363491,up
CUST_000064,82.3,82.67499999999987,84.53024475524461,86.53469030969015,0.3749999999998721,stable
CUST_000065,88.8,81.7636363636363,83.1755244755244,84.61148851148843,-7.036363636363703,down
CUST_000066,51.6,54.702272727272685,52.91486013986009,50.81770729270723,3.102272727272684,up
CUST_000067,64.2,63.727272727272656,63.43706293706285,63.17552447552436,-0.47272727272734727,stable
CUST_000068,65.5,68.95454545454535,74.17902097902085,80.055844155844,3.4545454545453538,up
CUST_000069,72.0,69.9499999999999,71.07797202797191,72.26138861138847,-2.0500000000000966,down
CUST_000070,59.6,54.465909090908966,54.579195804195656,54.642882117881946,-5.134090909091036,down
CUST_000071,79.8,71.04772727272719,71.15192307692298,71.05297202797193,-8.75227272727281,down
CUST_000072,47.4,50.861363636363535,50.35716783216771,49.86021478521464,3.4613636363635365,up
CUST_000073,50.5,57.570454545454425,57.3683566433565,57.17090409590393,7.0704545454544245,up
CUST_000074,60.2,59.004545454545365,57.933916083915975,56.75129870129857,-1.1954545454546377,stable
CUST_000075,35.0,44.76136363636354,47.699825174825065,51.25741758241743,9.76136363636354,up
CUST_000076,47.0,58.72727272727258,59.14055944055925,59.59700299700277,11.727272727272577,up
CUST_000077,67.9,67.19772727272715,67.43199300699287,67.58548951048934,-0.702272727272856,stable
CUST_000078,37.2,38.320454545454496,35.95192307692303,33.26336163836159,1.1204545454544927,stable
CUST_000079,35.7,40.38409090909081,36.82674825174813,32.89692807192792,4.684090909090806,up
CUST_000080,36.8,44.42954545454536,41.72744755244745,38.69123376623365,7.629545454545365,up
CUST_000081,68.9,64.36363636363623,61.49090909090893,58.166433566433376,-4.536363636363774,down
CUST_000082,52.8,53.54999999999987,50.22412587412571,46.54270729270711,0.7499999999998721,stable
CUST_000083,85.3,87.86136363636346,89.30472027972007,90.84463036963011,2.561363636363467,up
CUST_000084,77.7,72.79318181818167,73.77430069930053,74.85407092907072,-4.906818181818338,down
CUST_000085,69.6,71.86363636363626,73.19230769230757,74.5376623376622,2.263636363636266,up
CUST_000086,71.2,69.25681818181806,68.87639860139846,68.32330169830153,-1.943181818181941,stable
CUST_000087,96.6,82.82272727272718,81.69195804195792,80.13681318681304,-13.777272727272816,down
CUST_000088,65.4,67.02499999999984,67.86555944055924,68.85601898101874,1.6249999999998295,stable
CUST_000089,66.1,70.97272727272718,72.9160839160838,75.1289710289709,4.8727272727271895,up
CUST_000090,54.5,58.699999999999896,60.10839160839148,61.6581418581417,4.199999999999896,up
CUST_000091,35.3,39.11136363636355,37.125349650349534,35.09113386613372,3.811363636363552,up
CUST_000092,42.8,39.02954545454536,34.88409090909079,30.209515484515325,-3.7704545454546405,down
CUST_000093,88.7,76.52727272727262,78.10559440559426,79.79320679320662,-12.172727272727386,down
CUST_000094,67.5,66.76590909090899,65.4994755244754,64.25536963036949,-0.7340909090910088,stable
CUST_000095,82.9,73.83636363636357,73.90979020979013,73.71588411588402,-9.063636363636434,down
CUST_000096,90.2,81.9272727272726,81.25244755244739,80.41068931068914,-8.272727272727408,down
CUST_000097,53.9,56.813636363636256,56.23741258741246,55.55979020979005,2.9136363636362574,up
CUST_000098,91.2,88.28636363636345,88.7604895104893,89.08556443556417,-2.913636363636556,down
CUST_000099,97.8,95.96818181818172,96.80034965034952,97.48276723276709,-1.831818181818278,stable
CUST_000100,77.2,73.85681818181808,75.96520979020968,78.29632867132855,-3.343181818181918,down
CUST_000101,38.8,44.986363636363535,43.847902097901965,42.73351648351632,6.186363636363538,up
CUST_000102,63.0,59.07045454545451,59.98234265734261,60.88429070929067,-3.92954545454549,down
CUST_000103,49.2,51.68409090909079,52.44632867132853,53.31061438561421,2.4840909090907886,up
CUST_000104,74.2,79.69090909090895,83.36783216783198,87.44945054945032,5.490909090908943,up
CUST_000105,62.7,67.85909090909075,67.58776223776205,67.29865134865112,5.15909090909075,up
CUST_000106,63.4,59.10681818181813,55.57534965034959,51.50147352647346,-4.293181818181871,down
CUST_000107,55.1,60.29318181818172,61.17499999999988,62.13968531468518,5.193181818181721,up
CUST_000108,42.0,45.30454545454537,45.68356643356633,46.09145854145841,3.3045454545453694,up
CUST_000109,61.8,66.88181818181798,66.39440559440536,65.76413586413557,5.0818181818179795,up
CUST_000110,63.9,62.05454545454537,63.30629370629361,64.78271728271717,-1.8454545454546292,stable
CUST_000111,61.9,58.22954545454541,56.388986013985956,54.24398101898095,-3.6704545454545894,down
CUST_000112,79.7,73.3681818181817,69.7849650349649,65.57617382617367,-6.331818181818306,down
CUST_000113,72.9,69.21818181818169,66.56083916083902,63.48951048951033,-3.681818181818315,down
CUST_000114,57.2,59.06590909090898,58.37849650349637,57.47485014985,1.8659090909089784,stable
CUST_000115,87.0,87.0136363636362,86.96468531468511,86.75589410589386,0.013636363636194915,stable
CUST_000116,49.9,45.32727272727259,42.26853146853131,38.87102897102878,-4.5727272727274055,down
CUST_000117,39.7,44.9068181818181,45.19283216783207,45.60776723276712,5.2068181818181,up
CUST_000118,100.0,92.07954545454524,92.50961538461512,92.87509990009957,-7.92045454545476,down
CUST_000119,26.7,32.827272727272586,29.20419580419563,25.214285714285506,6.127272727272587,up
CUST_000120,45.5,44.4318181818181,42.375174825174724,40.164685314685194,-1.0681818181818983,stable
CUST_000121,91.1,90.70909090909082,92.4139860139859,94.20809190809179,-0.3909090909091759,stable
CUST_000122,73.1,66.1977272727272,66.27814685314678,66.15691808191798,-6.902272727272788,down
CUST_000123,90.6,89.09999999999978,90.01538461538435,90.9098901098898,-1.5000000000002132,stable
CUST_000124,48.6,49.74772727272722,49.044230769230694,48.22110389610381,1.1477272727272165,stable
CUST_000125,64.3,69.1749999999999,72.03723776223765,75.30731768231755,4.8749999999999005,up
CUST_000126,75.3,66.9499999999999,68.12202797202785,69.20784215784201,-8.350000000000094,down
CUST_000127,73.6,67.10681818181806,69.92499999999986,73.10646853146835,-6.493181818181938,down
CUST_000128,64.5,66.30454545454536,68.19545454545444,70.26448551448539,1.8045454545453623,stable
CUST_000129,44.8,43.286363636363554,44.098951048950944,45.067982017981905,-1.5136363636364436,stable
CUST_000130,100.0,93.82272727272715,94.7947552447551,95.64190809190791,-6.17727272727285,down
CUST_000131,79.7,76.0204545454545,75.14982517482511,73.97355144855136,-3.6795454545455044,down
CUST_000132,46.4,55.27272727272716,53.67832167832153,51.99150849150831,8.872727272727161,up
CUST_000133,80.7,68.18863636363622,67.09562937062921,65.68169330669312,-12.511363636363782,down
CUST_000134,67.9,62.78863636363625,62.23688811188797,61.55601898101881,-5.111363636363755,down
CUST_000135,39.1,44.78863636363628,45.954370629370516,47.338136863136725,5.688636363636277,up
CUST_000136,25.2,27.452272727272625,24.966958041957916,22.350924075923924,2.2522727272726257,up
CUST_000137,100.0,94.1386363636362,93.23164335664315,92.02819680319655,-5.861363636363805,down
CUST_000138,98.2,90.62954545454524,92.90506993006969,95.35157342657314,-7.570454545454766,down
CUST_000139,68.3,61.156818181818075,61.45751748251735,61.766658341658186,-7.143181818181922,down
CUST_000140,75.0,70.82727272727266,76.60279720279713,83.01778221778216,-4.172727272727343,down
CUST_000141,15.5,20.695454545454503,20.61293706293701,20.70134865134859,5.195454545454503,up
CUST_000142,71.7,67.82045454545442,66.52115384615371,64.92709790209773,-3.8795454545455783,down
CUST_000143,53.6,47.611363636363514,43.71206293706279,39.34138361638345,-5.988636363636488,down
CUST_000144,56.9,53.05909090909079,48.180069930069784,42.72832167832151,-3.840909090909207,down
CUST_000145,38.6,44.20454545454532,44.79405594405578,45.74050949050928,5.604545454545317,up
CUST_000146,24.8,35.28409090909083,37.509265734265625,40.264260739260614,10.484090909090828,up
CUST_000147,44.3,49.427272727272644,50.48321678321668,51.66893106893095,5.127272727272647,up
CUST_000148,46.4,51.31136363636347,51.36590909090888,51.6798451548449,4.911363636363468,up
CUST_000149,74.1,71.44545454545442,75.40699300699288,79.83076923076906,-2.65454545454557,down
CUST_000150,64.3,72.11590909090891,72.86066433566411,73.67849650349623,7.815909090908917,up
CUST_000151,69.9,64.18636363636357,64.09265734265726,63.9425074925074,-5.713636363636439,down
CUST_000152,85.7,85.53409090909078,88.16486013985998,90.98708791208773,-0.16590909090922423,stable
CUST_000153,75.5,69.12272727272713,68.47027972027956,67.75969030969013,-6.377272727272867,down
CUST_000154,42.8,43.481818181818014,41.96223776223754,40.322577422577154,0.6818181818180165,stable
CUST_000155,59.8,60.17272727272711,57.04405594405574,53.50519480519456,0.37272727272711137,stable
CUST_000156,55.2,56.31363636363626,58.21013986013973,60.43511488511472,1.1136363636362603,stable
CUST_000157,46.0,51.61136363636353,49.76660839160826,47.78194305694291,5.611363636363528,up
CUST_000158,89.7,90.30227272727257,93.30297202797182,96.53259240759216,0.6022727272725632,stable
CUST_000159,58.7,60.25227272727257,59.879545454545266,59.382092907092684,1.552272727272566,stable
CUST_000160,49.6,54.509090909090794,55.10209790209776,55.911988011987845,4.909090909090793,up
CUST_000161,62.8,66.89999999999989,69.37062937062923,72.02617382617366,4.099999999999895,up
CUST_000162,56.1,54.954545454545354,54.20069930069917,53.354945054944906,-1.1454545454546476,stable
CUST_000163,93.1,86.78636363636352,88.45349650349637,90.08656343656328,-6.313636363636476,down
CUST_000164,84.3,79.0431818181817,78.492832167832,77.67669830169811,-5.2568181818183035,down
CUST_000165,56.8,61.404545454545286,61.885664335664124,62.45819180819155,4.604545454545288,up
CUST_000166,16.6,25.272727272727217,23.52517482517476,21.65074925074917,8.672727272727215,up
CUST_000167,70.6,71.30227272727258,69.68339160839142,67.75846653346632,0.7022727272725859,stable
CUST_000168,51.1,57.461363636363494,58.45297202797185,59.61136363636342,6.3613636363634924,up
CUST_000169,80.2,79.39090909090903,77.98531468531463,76.27552447552442,-0.809090909090969,stable
CUST_000170,36.6,35.44545454545443,32.993706293706154,30.388711288711114,-1.1545454545455698,stable
CUST_000171,83.0,76.27499999999986,75.98828671328656,75.44507992007975,-6.725000000000136,down
CUST_000172,88.8,90.5772727272726,94.24300699300684,98.33951048951032,1.777272727272603,stable
CUST_000173,65.2,67.45681818181812,66.98898601398594,66.49842657342649,2.2568181818181188,up
CUST_000174,67.2,64.12272727272716,66.87167832167819,69.92762237762221,-3.0772727272728417,down
CUST_000175,87.4,83.14318181818172,83.51451048951037,83.64063436563423,-4.256818181818289,down
CUST_000176,76.3,76.51818181818166,78.58251748251729,80.80949050949027,0.21818181818166238,stable
CUST_000177,82.4,80.22727272727256,81.36643356643336,82.66143856143832,-2.1727272727274425,down
CUST_000178,84.0,80.61136363636348,82.6631118881117,84.70332167832147,-3.3886363636365218,down
CUST_000179,93.4,93.24090909090897,99.45419580419566,100.0,-0.1590909090910344,stable
CUST_000180,44.0,51.66363636363629,54.36223776223768,57.444155844155745,7.663636363636293,up
CUST_000181,59.6,57.922727272727194,58.95839160839151,60.08776223776212,-1.6772727272728076,stable
CUST_000182,100.0,95.46590909090898,96.88968531468518,98.29962537462522,-4.53409090909102,down
CUST_000183,29.2,37.12954545454535,35.089685314685184,32.970254745254586,7.929545454545352,up
CUST_000184,82.1,87.09772727272717,90.76905594405582,94.7329420579419,4.997727272727175,up
CUST_000185,62.0,64.44999999999993,62.36468531468523,60.032517482517385,2.449999999999932,up
CUST_000186,64.9,61.42954545454534,63.52884615384602,65.86246253746238,-3.4704545454546647,down
CUST_000187,12.5,23.831818181818104,23.651398601398498,23.64170829170816,11.331818181818104,up
CUST_000188,84.6,79.18636363636354,79.84090909090898,80.44770229770216,-5.413636363636456,down
CUST_000189,46.9,45.411363636363525,43.007167832167696,40.47175324675308,-1.4886363636364734,stable
CUST_000190,63.6,61.47954545454538,61.29982517482509,61.072102897102795,-2.1204545454546206,down
CUST_000191,62.4,65.19772727272711,65.92360139860119,66.68558941058916,2.7977272727271085,up
CUST_000192,48.7,51.2727272727272,51.58321678321669,51.97872127872117,2.5727272727271995,up
CUST_000193,54.0,57.32954545454534,56.391783216783075,55.31720779220762,3.3295454545453396,up
CUST_000194,86.9,89.96136363636346,94.01311188811165,98.58628871128842,3.0613636363634527,up
CUST_000195,74.5,66.4840909090908,68.12954545454532,70.00092407592392,-8.015909090909204,down
CUST_000196,71.8,68.25227272727258,67.292832167832,66.11535964035944,-3.547727272727414,down
CUST_000197,91.5,86.80227272727264,88.82045454545444,90.90811688311676,-4.697727272727363,down
CUST_000198,44.6,45.59090909090899,44.13986013986002,42.527072927072794,0.9909090909089855,stable
CUST_000199,91.8,83.64318181818172,82.1529720279719,80.35162337662322,-8.15681818181828,down
CUST_000200,62.5,56.72045454545451,53.37919580419577,49.553971028971,-5.779545454545492,down
CUST_000201,59.3,59.0249999999999,59.720804195804064,60.421753246753084,-0.27500000000009805,stable
CUST_000202,82.1,77.2249999999999,77.45996503496491,77.55022477522462,-4.8750000000000995,down
CUST_000203,39.8,41.777272727272624,38.69405594405582,35.27947052947039,1.9772727272726272,stable
CUST_000204,60.2,61.69090909090897,63.50419580419565,65.64095904095886,1.4909090909089642,stable
CUST_000205,46.9,46.51590909090899,42.74737762237749,38.46720779220763,-0.3840909090910074,stable
CUST_000206,36.6,35.277272727272646,33.1506993006992,30.873576423576306,-1.3227272727273558,stable
CUST_000207,92.2,89.37727272727258,91.93111888111872,94.69175824175804,-2.8227272727274197,down
CUST_000208,76.8,70.9454545454545,68.87902097902092,66.49740259740253,-5.854545454545502,down
CUST_000209,50.1,52.58636363636355,51.97727272727263,51.2589910089909,2.4863636363635493,up
CUST_000210,85.5,83.05909090909077,85.74650349650332,88.63201798201779,-2.44090909090923,down
CUST_000211,75.7,72.290909090909,69.89510489510478,67.09280719280706,-3.409090909091006,down
CUST_000212,78.3,68.02045454545447,66.38688811188801,64.24957542457531,-10.279545454545527,down
CUST_000213,98.8,99.44090909090895,100.0,100.0,0.6409090909089485,stable
CUST_000214,84.9,79.37045454545441,80.7676573426572,82.046828171828,-5.529545454545598,down
CUST_000215,83.9,75.85454545454535,74.15594405594392,72.0767232767231,-8.04545454545466,down
CUST_000216,70.8,63.4227272727272,65.0360139860139,66.73711288711279,-7.377272727272796,down
CUST_000217,68.9,71.740909090909,72.15769230769222,72.49705294705284,2.840909090908994,up
CUST_000218,53.4,57.58636363636351,58.110139860139704,58.786163836163645,4.1863636363635095,up
CUST_000219,65.5,62.463636363636226,60.66013986013971,58.54775224775207,-3.036363636363774,down
CUST_000220,58.7,58.48636363636358,58.30384615384609,58.01563436563429,-0.21363636363642513,stable
CUST_000221,55.2,55.75454545454532,56.96363636363621,58.37122877122859,0.5545454545453197,stable
CUST_000222,64.1,67.27954545454531,69.18094405594388,71.33853646353626,3.1795454545453197,up
CUST_000223,18.7,19.17045454545451,12.576748251748214,5.294980019979974,0.47045454545451193,stable
CUST_000224,90.7,79.05227272727255,80.59213286713266,82.19567932067909,-11.647727272727451,down
CUST_000225,61.0,65.07272727272716,64.30839160839149,63.544355644355505,4.072727272727164,up
CUST_000226,52.7,49.195454545454474,47.70804195804187,45.90204795204784,-3.5045454545455286,down
CUST_000227,45.8,46.78636363636351,44.101748251748106,41.30714285714268,0.9863636363635138,stable
CUST_000228,60.3,58.76590909090901,59.412762237762145,60.06336163836153,-1.5340909090909847,stable
CUST_000229,83.5,79.57954545454533,81.44248251748236,83.4572177822176,-3.9204545454546746,down
CUST_000230,85.7,83.44090909090899,85.99755244755232,88.76058941058926,-2.2590909090910145,down
CUST_000231,39.8,39.643181818181716,39.173951048950926,38.77499999999986,-0.15681818181828078,stable
CUST_000232,21.1,24.845454545454444,20.66503496503484,16.10819180819166,3.745454545454443,up
CUST_000233,86.2,86.44772727272708,87.9218531468529,89.40122377622349,0.24772727272707584,stable
CUST_000234,46.4,50.872727272727175,50.14545454545443,49.30829170829156,4.472727272727177,up
CUST_000235,100.0,91.89318181818157,91.46241258741229,90.83708791208755,-8.106818181818426,down
CUST_000236,39.9,46.69090909090903,47.97972027972021,49.50269730269722,6.790909090909032,up
CUST_000237,76.8,73.94545454545441,76.22447552447535,78.68101898101878,-2.854545454545587,down
CUST_000238,57.2,58.61363636363622,58.930419580419404,59.23221778221757,1.4136363636362148,stable
CUST_000239,54.5,53.356818181818106,53.60716783216774,53.90462037962027,-1.143181818181894,stable
CUST_000240,19.9,29.17727272727263,26.233916083915958,23.09685314685299,9.277272727272631,up
CUST_000241,54.5,58.58863636363628,54.999125874125774,51.08009490509478,4.088636363636283,up
CUST_000242,84.7,77.95681818181805,79.01276223776208,80.07524975024955,-6.743181818181952,down
CUST_000243,18.1,25.793181818181758,24.002972027971953,22.070854145854057,7.693181818181756,up
CUST_000244,64.7,63.42499999999985,65.35926573426555,67.50307192807172,-1.275000000000155,stable
CUST_000245,45.1,44.39090909090901,42.39300699300689,40.21068931068919,-0.7090909090909889,stable
CUST_000246,67.6,66.21136363636352,64.86870629370615,63.414610389610225,-1.3886363636364791,stable
CUST_000247,39.0,37.640909090909005,32.63531468531458,26.99365634365622,-1.3590909090909946,stable
CUST_000248,53.6,55.11818181818173,56.74545454545444,58.622477522477396,1.5181818181817306,stable
CUST_000249,55.3,48.631818181818076,47.23111888111875,45.64350649350634,-6.668181818181921,down
CUST_000250,86.2,82.05909090909078,82.44510489510475,82.83441558441542,-4.1409090909092185,down
CUST_000251,85.3,85.31818181818164,89.18601398601378,93.4386613386611,0.018181818181645326,stable
CUST_000252,100.0,94.58636363636357,99.68426573426567,100.0,-5.413636363636428,down
CUST_000253,47.6,46.54318181818169,44.87604895104879,43.02524975024956,-1.0568181818183149,stable
CUST_000254,60.1,60.07045454545444,60.53339160839148,60.99348151848137,-0.029545454545562677,stable
CUST_000255,77.5,77.99999999999991,78.3006993006992,78.57022977022964,0.49999999999991473,stable
CUST_000256,17.1,21.974999999999927,19.997377622377527,17.95806693306681,4.874999999999925,up
CUST_000257,69.4,64.89090909090898,66.60839160839147,68.47552447552431,-4.509090909091029,down
CUST_000258,46.7,52.08409090909081,50.3966783216782,48.49572927072913,5.3840909090908085,up
CUST_000259,63.6,68.21136363636347,69.57290209790187,71.15686813186785,4.611363636363471,up
CUST_000260,87.0,80.54090909090891,82.11363636363615,83.86158841158814,-6.459090909091088,down
CUST_000261,48.8,50.31590909090897,50.59423076923062,50.86820679320661,1.5159090909089699,stable
CUST_000262,73.7,71.63181818181805,69.37307692307677,66.75069930069913,-2.068181818181955,down
CUST_000263,72.2,74.02272727272715,74.8045454545453,75.78886113886095,1.8227272727271497,stable
CUST_000264,100.0,94.26590909090888,95.1456293706291,95.87075424575391,-5.7340909090911225,down
CUST_000265,79.7,79.80454545454532,83.30174825174808,87.1295204795203,0.10454545454531683,stable
CUST_000266,55.6,60.12727272727264,59.07132867132856,57.88381618381605,4.5272727272726385,up
CUST_000267,82.8,76.78409090909076,78.2470279720278,79.70611888111867,-6.015909090909233,down
CUST_000268,68.3,67.5454545454544,67.21958041958025,66.61798201798182,-0.7545454545455925,stable
CUST_000269,72.4,73.53636363636357,78.51118881118875,84.09920079920073,1.1363636363635692,stable
CUST_000270,54.6,52.3272727272726,51.68531468531452,51.03016983016963,-2.2727272727274013,down
CUST_000271,15.3,27.213636363636283,24.531818181818082,21.71993006992995,11.913636363636282,up
CUST_000272,42.4,43.44999999999989,43.09825174825161,42.77277722277705,1.0499999999998906,stable
CUST_000273,100.0,92.20681818181805,92.06835664335647,91.72115384615364,-7.793181818181949,down
CUST_000274,58.5,64.75454545454531,68.03846153846135,71.76493506493483,6.254545454545308,up
CUST_000275,39.9,47.047727272727194,47.765209790209695,48.62140359640348,7.147727272727195,up
CUST_000276,35.3,35.99318181818171,39.37080419580406,43.45127372627356,0.6931818181817135,stable
CUST_000277,63.9,65.0204545454544,63.656818181818,62.095629370629155,1.1204545454544004,stable
CUST_000278,67.8,63.73409090909078,64.68793706293692,65.68598901098885,-4.065909090909216,down
CUST_000279,30.1,32.215909090909,30.457867132867023,28.623951048950918,2.1159090909089997,up
CUST_000280,69.9,64.8136363636363,66.57517482517476,68.50384615384607,-5.0863636363637,down
CUST_000281,61.9,63.304545454545384,62.63181818181809,61.87687312687302,1.404545454545385,stable
CUST_000282,45.5,49.08636363636353,47.36398601398588,45.52352647352632,3.5863636363635294,up
CUST_000283,41.4,42.199999999999896,41.82377622377611,41.34495504495491,0.7999999999998977,stable
CUST_000284,70.8,67.89090909090893,66.06783216783198,63.9153846153844,-2.909090909091063,down
CUST_000285,53.9,55.838636363636255,52.956118881118755,49.70162337662323,1.938636363636256,stable
CUST_000286,81.1,78.6363636363635,77.35034965034949,75.75844155844138,-2.463636363636496,down
CUST_000287,58.8,62.79999999999987,65.39580419580403,68.20609390609371,3.999999999999872,up
CUST_000288,72.5,74.82272727272719,74.3395104895104,73.70804195804187,2.3227272727271924,up
CUST_000289,52.6,56.82954545454533,56.93653846153831,57.06685814185796,4.229545454545331,up
CUST_000290,35.4,41.3522727272726,41.70611888111872,42.25521978021958,5.9522727272726,up
CUST_000291,82.8,75.15454545454531,77.50699300699284,80.07052947052928,-7.645454545454683,down
CUST_000292,57.0,57.16590909090901,57.01066433566424,56.87465034965023,0.16590909090901107,stable
CUST_000293,78.2,71.97272727272713,71.30839160839145,70.54325674325655,-6.227272727272876,down
CUST_000294,35.6,47.31363636363626,48.046503496503384,49.00354645354632,11.713636363636262,up
CUST_000295,11.6,17.704545454545382,14.087062937062846,10.193156843156736,6.1045454545453826,up
CUST_000296,59.0,66.62499999999986,70.63968531468515,75.12894605394587,7.624999999999858,up
CUST_000297,64.2,63.90909090909085,67.9846153846153,72.6925074925074,-0.2909090909091532,stable
CUST_000298,17.9,30.97499999999988,29.26940559440545,27.62030469530452,13.074999999999882,up
CUST_000299,77.9,77.67954545454533,81.78793706293692,86.33533966033949,-0.2204545454546718,stable
CUST_000300,59.6,60.71818181818169,63.088811188811036,65.75034965034948,1.1181818181816894,stable
CUST_000301,24.9,32.96590909090904,33.333041958041896,33.84837662337655,8.065909090909038,up
CUST_000302,29.3,39.1840909090908,39.75891608391595,40.63079420579405,9.884090909090798,up
CUST_000303,45.5,49.1477272727272,50.1547202797202,51.29103396603387,3.6477272727272023,up
CUST_000304,46.7,50.865909090909035,51.74562937062931,52.74547952047945,4.165909090909032,up
CUST_000305,91.1,87.3977272727272,89.19702797202787,91.16850649350636,-3.702272727272799,down
CUST_000306,55.1,60.37272727272717,59.61468531468519,58.817082917082764,5.272727272727167,up
CUST_000307,76.3,72.26590909090899,73.74772727272713,75.39243256743241,-4.034090909091006,down
CUST_000308,70.6,74.19772727272712,74.63618881118863,75.11895604395583,3.597727272727127,up
CUST_000309,88.7,83.12499999999986,81.05786713286697,78.53623876123858,-5.575000000000145,down
CUST_000310,77.5,68.32727272727266,67.14685314685308,65.6818181818181,-9.172727272727343,down
CUST_000311,25.9,33.0068181818181,35.531993006992906,38.62305194805183,7.106818181818099,up
CUST_000312,64.1,68.20681818181806,68.63618881118867,68.97849650349634,4.1068181818180705,up
CUST_000313,74.2,64.55909090909076,64.75349650349631,64.90574425574401,-9.640909090909247,down
CUST_000314,81.7,74.19999999999987,74.07482517482502,73.90469530469511,-7.500000000000128,down
CUST_000315,28.8,32.661363636363575,32.55437062937055,32.752922077921994,3.861363636363574,up
CUST_000316,52.7,50.22272727272717,51.48356643356632,52.87867132867119,-2.477272727272833,down
CUST_000317,54.9,51.00227272727258,49.072202797202614,46.88753746253724,-3.8977272727274155,down
CUST_000318,74.0,65.87045454545446,64.88304195804187,63.65232267732257,-8.129545454545536,down
CUST_000319,63.2,57.93409090909086,56.29912587412582,54.39428071928066,-5.26590909090914,down
CUST_000320,82.9,75.42045454545439,74.51695804195784,73.41780719280695,-7.479545454545615,down
CUST_000321,61.2,62.727272727272585,64.74265734265717,66.96153846153827,1.5272727272725817,stable
CUST_000322,96.8,85.33863636363623,86.37290209790194,87.43878621378602,-11.461363636363771,down
CUST_000323,55.9,57.34318181818167,55.887237762237575,54.282992007991766,1.443181818181671,stable
CUST_000324,59.6,66.07272727272722,69.03356643356636,72.4583416583416,6.472727272727219,up
CUST_000325,66.5,67.39772727272714,67.54667832167816,67.58119380619361,0.8977272727271384,stable
CUST_000326,88.9,83.56363636363618,83.98321678321656,84.1631368631366,-5.336363636363828,down
CUST_000327,75.0,71.73409090909081,72.80472027972017,74.0967782217781,-3.26590909090919,down
CUST_000328,79.7,83.09545454545447,85.77027972027963,88.78216783216773,3.39545454545447,up
CUST_000329,35.5,43.45681818181808,42.33513986013975,41.13139360639347,7.956818181818079,up
CUST_000330,60.0,56.920454545454405,55.302272727272566,53.38474025974007,-3.0795454545455954,down
CUST_000331,65.5,67.44090909090895,69.72412587412569,72.46008991008968,1.9409090909089457,stable
CUST_000332,56.8,55.52727272727259,52.75384615384599,49.58631368631349,-1.2727272727274084,stable
CUST_000333,74.7,74.25227272727255,73.48024475524457,72.65232267732246,-0.44772727272744817,stable
CUST_000334,60.8,61.91363636363627,65.53881118881108,69.62772227772214,1.1136363636362745,stable
CUST_000335,44.7,51.299999999999926,51.9006993006992,52.52957042957031,6.599999999999923,up
CUST_000336,58.2,54.293181818181736,52.99667832167822,51.52999500499489,-3.9068181818182666,down
CUST_000337,53.0,48.727272727272606,48.48951048951034,48.19660339660322,-4.272727272727394,down
CUST_000338,73.5,74.21590909090894,74.42919580419563,74.53134365634345,0.7159090909089372,stable
CUST_000339,16.1,18.765909090909044,17.29458041958036,15.797827172827102,2.665909090909043,up
CUST_000340,61.3,60.31136363636346,57.741433566433344,54.95586913086886,-0.9886363636365374,stable
CUST_000341,71.8,65.68863636363625,64.2676573426572,62.51755744255729,-6.111363636363748,down
CUST_000342,87.5,84.90681818181815,86.33059440559437,87.75402097902094,-2.593181818181847,down
CUST_000343,46.8,46.97954545454539,48.61800699300691,50.4815934065933,0.17954545454539073,stable
CUST_000344,88.4,80.50227272727254,79.67360139860118,78.53568931068905,-7.897727272727465,down
CUST_000345,49.2,44.84999999999986,42.34860139860122,39.65129870129849,-4.3500000000001435,down
CUST_000346,63.3,60.70909090909084,59.30419580419572,57.74575424575415,-2.5909090909091574,down
CUST_000347,41.5,40.77954545454537,39.14807692307683,37.47619880119869,-0.7204545454546292,stable
CUST_000348,43.7,44.01818181818167,40.493706293706104,36.610089910089684,0.3181818181816638,stable
CUST_000349,78.5,73.50681818181806,74.2774475524474,74.93414085914068,-4.993181818181938,down
CUST_000350,50.2,55.50454545454531,57.51923076923059,59.93251748251728,5.3045454545453055,up
CUST_000351,46.2,44.111363636363535,44.5050699300698,45.09622877122862,-2.0886363636364678,down
CUST_000352,85.0,81.50454545454534,85.50874125874111,89.83181818181802,-3.4954545454546633,down
CUST_000353,78.2,71.73636363636345,69.723776223776,67.48641358641332,-6.463636363636553,down
CUST_000354,62.7,59.70227272727263,60.38758741258729,61.072152847152694,-2.9977272727273743,down
CUST_000355,86.2,85.03863636363624,89.59108391608378,94.50761738261721,-1.1613636363637596,stable
CUST_000356,79.7,81.63181818181802,82.68496503496483,83.94790209790186,1.9318181818180165,stable
CUST_000357,88.7,87.83636363636354,89.66783216783205,91.68121878121865,-0.8636363636364592,stable
CUST_000358,81.0,79.01363636363621,79.56608391608373,79.94030969030946,-1.9863636363637909,stable
CUST_000359,84.1,82.39090909090889,82.51748251748228,82.56873126873099,-1.7090909090911026,stable
CUST_000360,64.0,58.82727272727257,59.02167832167814,59.22607392607372,-5.172727272727428,down
CUST_000361,97.0,93.16136363636349,92.74597902097887,91.9475274725273,-3.8386363636365104,down
CUST_000362,61.8,61.527272727272575,59.4762237762236,57.029270729270515,-0.2727272727274226,stable
CUST_000363,67.7,61.82272727272719,63.73601398601389,65.91293706293695,-5.8772727272728105,down
CUST_000364,41.2,47.34772727272715,46.54283216783202,45.819105894105704,6.1477272727271455,up
CUST_000365,54.3,51.13636363636354,53.528671328671216,56.22857142857129,-3.1636363636364564,down
CUST_000366,66.0,62.270454545454406,60.75227272727256,59.005069930069745,-3.729545454545594,down
CUST_000367,66.5,61.181818181818066,61.11958041958028,60.952847152846985,-5.318181818181934,down
CUST_000368,50.3,51.29318181818162,48.39318181818159,45.27115384615357,0.9931818181816254,stable
CUST_000369,45.8,54.647727272727124,53.062412587412396,51.31520979020956,8.847727272727127,up
CUST_000370,54.2,60.402272727272624,61.57639860139848,62.880344655344516,6.2022727272726215,up
CUST_000371,67.9,66.24772727272716,66.68758741258728,67.14897602397585,-1.6522727272728446,stable
CUST_000372,67.2,67.9613636363635,72.35926573426556,77.39507992007972,0.7613636363634981,stable
CUST_000373,80.4,80.29772727272714,82.01660839160823,83.85581918081898,-0.10227272727286163,stable
CUST_000374,79.2,82.54090909090894,85.03951048951032,87.88316683316663,3.340909090908937,up
CUST_000375,76.9,77.03409090909074,78.78444055944036,80.64802697302673,0.1340909090907303,stable
CUST_000376,61.6,61.24772727272717,64.2029720279719,67.62260239760224,-0.3522727272728332,stable
CUST_000377,79.8,80.96136363636349,79.5173076923075,77.79997502497478,1.1613636363634896,stable
CUST_000378,57.6,56.738636363636196,56.89737762237743,57.09243256743233,-0.8613636363638051,stable
CUST_000379,100.0,93.72272727272713,93.34370629370612,92.70304695304675,-6.277272727272873,down
CUST_000380,66.1,65.14090909090898,67.73251748251735,70.78636363636348,-0.9590909090910174,stable
CUST_000381,54.2,54.5431818181817,53.134090909090766,51.452122877122704,0.3431818181816979,stable
CUST_000382,81.5,75.17272727272714,75.63076923076906,75.98511488511468,-6.327272727272856,down
CUST_000383,87.6,84.65681818181804,89.02395104895088,93.96266233766212,-2.943181818181955,down
CUST_000384,97.5,85.60227272727255,83.45192307692287,80.8849400599398,-11.897727272727451,down
CUST_000385,70.2,70.40227272727257,69.56311188811169,68.62619880119857,0.20227272727257173,stable
CUST_000386,62.0,60.3204545454544,61.17150349650333,62.173751248751046,-1.6795454545455968,stable
CUST_000387,68.4,65.64318181818172,64.69562937062926,63.58838661338649,-2.7568181818182893,down
CUST_000388,77.5,74.48181818181806,73.17342657342643,71.4605394605393,-3.0181818181819438,down
CUST_000389,60.5,62.81818181818172,63.830769230769114,65.027872127872,2.3181818181817206,up
CUST_000390,58.4,51.58863636363621,50.736188811188626,49.78798701298679,-6.811363636363787,down
CUST_000391,85.0,83.1386363636362,85.33933566433545,87.83259240759216,-1.861363636363805,stable
CUST_000392,96.8,91.62272727272716,92.84440559440544,94.04910089910072,-5.177272727272836,down
CUST_000393,44.6,47.524999999999906,44.426398601398475,41.01545954045939,2.924999999999905,up
CUST_000394,60.2,69.37045454545444,72.68164335664324,76.6393356643355,9.170454545454433,up
CUST_000395,52.2,48.354545454545345,48.343356643356515,48.35434565434551,-3.8454545454546576,down
CUST_000396,39.6,40.84999999999983,38.23811188811168,35.59235764235739,1.2499999999998295,stable
CUST_000397,44.7,52.22272727272716,50.736713286713155,49.22492507492491,7.52272727272716,up
CUST_000398,72.9,66.79318181818175,65.89737762237755,64.6222027972027,-6.106818181818255,down
CUST_000399,64.7,61.40227272727262,56.347027972027846,50.60322177822162,-3.2977272727273856,down
CUST_000400,77.9,77.00227272727255,79.81555944055923,83.06376123876099,-0.897727272727451,stable
CUST_000401,70.5,67.37954545454532,66.54108391608375,65.52115384615365,-3.1204545454546775,down
CUST_000402,41.5,48.50454545454537,47.44160839160829,46.28756243756232,7.004545454545372,up
CUST_000403,37.5,35.781818181818075,33.56783216783204,31.221778221778056,-1.7181818181819253,stable
CUST_000404,68.1,69.2727272727272,73.53426573426565,78.22857142857133,1.172727272727201,stable
CUST_000405,81.1,80.42272727272714,81.5199300699299,82.69105894105874,-0.6772727272728503,stable
CUST_000406,53.9,55.17272727272716,57.65174825174812,60.4634365634364,1.2727272727271597,stable
CUST_000407,38.1,46.00681818181808,45.66555944055931,45.35671828171813,7.906818181818082,up
CUST_000408,67.6,73.66363636363614,75.13846153846127,76.95744255744222,6.063636363636149,up
CUST_000409,71.7,76.11363636363627,76.90874125874114,77.64080919080907,4.413636363636272,up
CUST_000410,83.2,75.91590909090894,74.84248251748234,73.4734015984014,-7.284090909091063,down
CUST_000411,70.1,69.3431818181817,68.90332167832155,68.35212287712272,-0.7568181818182893,stable
CUST_000412,66.3,69.29999999999987,68.28251748251732,67.04535464535445,2.999999999999872,up
CUST_000413,21.9,28.929545454545348,26.777797202797068,24.47415084915068,7.0295454545453495,up
CUST_000414,96.0,92.09772727272716,96.54108391608376,100.0,-3.9022727272728446,down
CUST_000415,22.0,28.90454545454537,28.673076923076813,28.67317682317669,6.904545454545371,up
CUST_000416,75.7,83.35681818181801,88.51835664335644,94.40741758241734,7.656818181818011,up
CUST_000417,49.4,50.995454545454436,47.96818181818169,44.57257742257727,1.5954545454544373,stable
CUST_000418,21.5,24.620454545454457,22.352622377622264,20.040184815184674,3.120454545454457,up
CUST_000419,65.4,66.5204545454544,68.58129370629354,70.89982517482497,1.1204545454543933,stable
CUST_000420,66.3,65.55681818181802,64.36241258741238,63.034090909090665,-0.7431818181819807,stable
CUST_000421,37.2,37.59545454545446,35.98636363636353,34.251298701298566,0.3954545454544558,stable
CUST_000422,72.7,72.97045454545437,74.90472027972007,77.00526973026948,0.27045454545437053,stable
CUST_000423,97.7,93.07499999999979,96.46870629370603,100.0,-4.625000000000213,down
CUST_000424,63.5,61.59545454545448,61.37167832167825,61.10944055944048,-1.90454545454552,stable
CUST_000425,64.4,71.06136363636355,72.39982517482507,73.99587912087898,6.6613636363635464,up
CUST_000426,65.3,68.77272727272711,71.04895104895085,73.55944055944033,3.472727272727113,up
CUST_000427,64.2,54.15227272727266,47.92709790209783,40.825849150849066,-10.047727272727343,down
CUST_000428,69.0,75.006818181818,79.53548951048928,84.70936563436537,6.006818181818005,up
CUST_000429,57.4,65.55909090909073,66.56748251748229,67.83231768231742,8.159090909090729,up
CUST_000430,67.5,60.93863636363626,59.09737762237749,56.91880619380603,-6.561363636363737,down
CUST_000431,77.5,74.2136363636362,74.87377622377603,75.59525474525451,-3.2863636363638022,down
CUST_000432,86.2,86.12045454545438,86.21695804195784,86.24088411588387,-0.07954545454562378,stable
CUST_000433,48.5,55.738636363636246,56.566608391608256,57.72979520479505,7.238636363636246,up
CUST_000434,74.5,71.35909090909078,70.66678321678306,69.70494505494487,-3.1409090909092185,down
CUST_000435,100.0,91.23863636363618,91.50576923076902,91.69892607392583,-8.761363636363825,down
CUST_000436,98.3,97.55909090909074,99.44510489510469,100.0,-0.7409090909092555,stable
CUST_000437,67.3,71.81136363636352,72.99947552447539,74.32559940059924,4.5113636363635266,up
CUST_000438,61.7,63.095454545454416,63.16188811188797,63.28446553446537,1.3954545454544132,stable
CUST_000439,67.6,59.18636363636358,56.59755244755239,53.608841158841095,-8.413636363636414,down
CUST_000440,65.5,69.90454545454534,71.41783216783205,72.91513486513472,4.404545454545342,up
CUST_000441,74.6,70.75909090909076,71.5220279720278,72.40474525474504,-3.8409090909092356,down
CUST_000442,60.6,57.965909090909,60.34003496503485,62.99463036963024,-2.6340909090910003,down
CUST_000443,45.3,48.72954545454536,47.380594405594294,46.00342157842144,3.4295454545453623,up
CUST_000444,23.2,25.3727272727272,23.462237762237677,21.43886113886104,2.172727272727201,up
CUST_000445,51.7,48.23181818181808,47.915734265734145,47.5896603396602,-3.4681818181819253,down
CUST_000446,81.9,78.76363636363627,80.0034965034964,81.2470529470528,-3.1363636363637397,down
CUST_000447,48.5,53.05681818181809,52.28199300699289,51.35876623376609,4.5568181818180875,up
CUST_000448,55.1,51.03181818181808,48.43461538461527,45.627622377622245,-4.06818181818192,down
CUST_000449,44.2,49.33636363636356,47.11048951048943,44.71358641358631,5.136363636363555,up
CUST_000450,55.9,53.84772727272719,52.91555944055934,51.863661338661224,-2.0522727272728076,down
CUST_000451,27.4,22.42727272727267,17.04055944055937,11.157442557442472,-4.9727272727273295,down
CUST_000452,78.3,75.07499999999985,74.49527972027953,73.73748751248728,-3.2250000000001506,down
CUST_000453,69.0,67.60681818181806,67.25087412587399,66.71595904095891,-1.3931818181819438,stable
CUST_000454,58.2,63.75227272727257,65.84667832167813,68.25931568431545,5.552272727272566,up
CUST_000455,62.5,65.52045454545436,65.43164335664312,65.33658841158814,3.0204545454543563,up
CUST_000456,53.7,57.76136363636342,59.15017482517456,60.872202797202476,4.061363636363417,up
CUST_000457,86.3,83.81590909090895,83.21520979020963,82.33993506493488,-2.4840909090910515,down
CUST_000458,36.1,38.215909090908994,38.08653846153834,38.19677822177808,2.1159090909089926,up
CUST_000459,56.0,50.61136363636353,47.911363636363504,44.75686813186797,-5.388636363636472,down
CUST_000460,63.8,66.27954545454526,65.55576923076899,64.89048451548422,2.47954545454526,up
CUST_000461,92.0,90.6659090909089,93.02534965034941,95.43958541458514,-1.3340909090911026,stable
CUST_000462,94.7,85.10227272727258,83.89807692307674,82.30801698301676,-9.597727272727425,down
CUST_000463,40.7,44.065909090908974,43.0274475524474,42.009615384615195,3.3659090909089713,up
CUST_000464,55.3,60.047727272727165,60.567307692307566,61.03319180819165,4.747727272727168,up
CUST_000465,28.3,33.79545454545443,32.64860139860126,31.534715284715105,5.495454545454432,up
CUST_000466,73.9,67.88181818181809,66.21328671328659,64.22407592407578,-6.018181818181915,down
CUST_000467,38.6,37.87954545454535,35.92989510489498,33.852422577422416,-0.7204545454546505,stable
CUST_000468,36.8,33.42272727272715,28.247902097901953,22.447502497502313,-3.377272727272846,down
CUST_000469,88.0,90.62045454545438,95.12395104895083,100.0,2.620454545454379,up
CUST_000470,55.4,49.140909090909034,46.147902097902026,42.656693306693214,-6.259090909090965,down
CUST_000471,53.5,46.74999999999994,44.07167832167825,41.02492507492499,-6.750000000000057,down
CUST_000472,38.8,48.774999999999885,48.45192307692294,48.187637362637204,9.974999999999888,up
CUST_000473,43.5,49.67727272727255,49.44860139860118,49.35519480519453,6.177272727272552,up
CUST_000474,95.6,93.19090909090889,97.29999999999974,100.0,-2.4090909090911055,down
CUST_000475,40.4,45.71136363636355,48.31905594405585,51.36236263736252,5.311363636363552,up
CUST_000476,70.0,68.28636363636345,67.7821678321676,67.18796203796177,-1.713636363636553,stable
CUST_000477,68.8,69.96818181818168,72.86678321678306,75.99635364635347,1.1681818181816794,stable
CUST_000478,63.1,60.91818181818175,60.3937062937062,59.735364635364526,-2.181818181818251,down
CUST_000479,17.5,22.8386363636363,19.649825174825093,16.17175324675315,5.338636363636301,up
CUST_000480,2.4,12.299999999999926,7.925174825174739,3.150249750249646,9.899999999999926,up
CUST_000481,96.7,94.10227272727253,96.48618881118858,98.98114385614359,-2.597727272727468,down
CUST_000482,41.1,42.834090909090854,40.680944055943996,38.18149350649344,1.7340909090908525,stable
CUST_000483,90.0,78.92727272727261,77.50699300699287,75.75124875124858,-11.072727272727391,down
CUST_000484,45.4,41.61363636363626,39.99265734265721,38.24530469530453,-3.7863636363637383,down
CUST_000485,79.5,74.44999999999983,70.82972027972006,66.66058941058915,-5.050000000000168,down
CUST_000486,69.7,64.8863636363636,64.23391608391604,63.430019980019935,-4.813636363636405,down
CUST_000487,60.2,64.2022727272726,65.70506993006977,67.33888611388592,4.002272727272597,up
CUST_000488,42.4,38.28636363636352,37.184265734265594,36.10304695304678,-4.1136363636364806,down
CUST_000489,23.2,25.16136363636359,23.13409090909085,21.032742257742186,1.9613636363635898,stable
CUST_000490,91.1,86.76590909090896,85.36730769230755,83.61381118881101,-4.334090909091032,down
CUST_000491,53.3,55.69999999999987,57.65104895104879,59.97292707292688,2.3999999999998707,up
CUST_000492,34.2,39.86363636363631,40.3706293706293,41.00669330669322,5.663636363636307,up
CUST_000493,73.3,75.32954545454524,75.69877622377595,76.16346153846122,2.029545454545243,up
CUST_000494,79.0,79.5431818181817,82.45856643356629,85.7519230769229,0.5431818181816936,stable
CUST_000495,66.8,72.5181818181817,76.16363636363623,80.13636363636347,5.718181818181705,up
CUST_000496,50.6,45.702272727272586,44.7456293706292,43.70342157842138,-4.8977272727274155,down
CUST_000497,91.4,80.84318181818175,83.07115384615375,85.34023476523465,-10.556818181818258,down
CUST_000498,76.0,73.72499999999992,74.10611888111879,74.32055444555435,-2.2750000000000767,down
CUST_000499,73.4,72.24090909090894,71.40034965034947,70.41293706293686,-1.1590909090910628,stable
