employee_id,department,role,level,age,tenure_years,salary,commute_distance,hire_date,risk_score,is_attrited,attrition_date,avg_overtime_hours,avg_work_hours,late_rate_raw,absent_rate,commute_distance_norm,late_rate_adjusted,avg_internal_emails,avg_external_emails,avg_total_emails,avg_response_hours,avg_completion_rate,avg_ontime_rate,avg_task_hours,satisfaction_score,work_life_balance_score,leadership_score,career_growth_score,compensation_score,overall_satisfaction,dept_encoded,role_encoded,level_encoded,target
EMP0001,客服部,销售经理,M1,35,2.6,46800,3.5,2021-05-27,0.3988,False,,0.22731006160164272,8.047638603696099,0.1437371663244353,0.07597535934291581,0.01806853582554517,0.1422916834583917,5.9,4.488888888888889,10.38888888888889,4.2011111111111115,0.5485576923076924,0.6463846153846154,7.595192307692307,2.75,3.375,2.75,3.0,2.25,2.825,2,8,0,0
EMP0002,财务部,中级工程师,P7,29,7.3,107500,25.3,2016-09-15,0.078,False,,0.24948665297741274,8.135728952772073,0.08829568788501027,0.014373716632443531,0.15389408099688476,0.07598416140525949,6.833333333333333,2.5,9.333333333333334,1.9211111111111112,0.6730384615384615,0.6145192307692308,5.973076923076923,4.125,3.5,4.125,3.0,3.125,3.575,5,1,5,0
EMP0003,客服部,初级工程师,P7,47,0.4,70100,2.9,2023-08-08,0.5184,True,2024-08-08,0.1753593429158111,8.008213552361397,0.13347022587268995,0.11293634496919917,0.014330218068535825,0.1323238084272071,2.2444444444444445,0.4666666666666667,2.7111111111111112,5.051111111111111,0.47152884615384616,0.5994423076923077,7.94423076923077,2.125,3.125,2.375,2.125,1.75,2.3,2,3,5,1
EMP0004,人力资源部,HR专员,P7,37,2.0,83200,2.8,2022-01-01,0.4709,True,2024-11-24,0.16591375770020533,7.989322381930185,0.13963039014373715,0.10677618069815195,0.013707165109034268,0.1385338169350144,6.722222222222222,2.488888888888889,9.21111111111111,4.706666666666667,0.4406153846153846,0.4665576923076923,7.5942307692307685,2.625,2.75,2.25,2.125,1.875,2.325,1,0,5,1
EMP0005,客服部,中级工程师,P5,22,6.8,39400,3.6,2017-03-16,0.4553,True,2024-03-11,0.15051334702258726,8.032648870636551,0.10677618069815195,0.12525667351129363,0.018691588785046728,0.10528085359534821,6.488888888888889,1.2,7.688888888888889,4.774444444444445,0.5201442307692308,0.6226538461538461,7.684615384615385,2.5,2.375,2.875,2.0,1.5,2.25,2,1,3,1
EMP0006,财务部,中级工程师,M1,32,2.5,62200,10.3,2021-07-03,0.275,False,,0.19034907597535936,8.059342915811088,0.10061601642710473,0.08008213552361396,0.06043613707165109,0.09578112546137264,6.688888888888889,1.5888888888888888,8.277777777777779,3.0722222222222224,0.5761826923076924,0.5198269230769231,6.7221153846153845,3.5,2.75,3.0,2.875,2.875,3.0,5,1,0,0
EMP0007,工程部,财务分析师,P4,35,3.6,85400,3.8,2020-05-27,0.4622,False,,0.16960985626283367,7.997946611909651,0.14168377823408623,0.06570841889117043,0.01993769470404984,0.14008876265776224,3.6222222222222222,1.6333333333333333,5.2555555555555555,4.377777777777778,0.4861057692307692,0.5384230769230769,7.649038461538462,2.625,2.625,2.0,2.375,2.125,2.35,3,6,2,0
EMP0008,客服部,财务分析师,M1,38,3.6,83600,9.4,2020-05-27,0.2436,False,,0.18521560574948667,8.04599589322382,0.11088295687885011,0.08418891170431211,0.05482866043613707,0.10649666404395915,10.755555555555556,1.4111111111111112,12.166666666666666,3.067777777777778,0.660298076923077,0.7325961538461538,6.986538461538462,3.125,2.875,2.625,3.125,3.0,2.95,2,6,0,0
EMP0009,销售部,HR专员,M2,52,1.7,41400,7.9,2022-04-21,0.2672,False,,0.16386036960985625,8.034086242299795,0.1026694045174538,0.07186858316221766,0.04548286604361371,0.0990307752339647,7.3,1.4444444444444444,8.744444444444444,2.8555555555555556,0.629221153846154,0.7000096153846154,6.996153846153846,3.5,3.0,3.0,2.375,2.25,2.825,6,0,1,0
EMP0010,财务部,销售经理,M1,32,0.5,43300,4.9,2023-07-03,0.457,True,2024-07-29,0.162217659137577,7.986447638603696,0.1437371663244353,0.09034907597535935,0.02679127725856698,0.14159386414374994,7.177777777777778,0.5888888888888889,7.766666666666667,4.544444444444444,0.44652884615384614,0.38434615384615384,7.581730769230769,2.5,2.625,2.875,2.375,2.125,2.5,5,8,0,1
EMP0011,产品部,客服代表,P7,36,1.1,54100,2.5,2022-11-26,0.2556,False,,0.18542094455852157,8.095482546201232,0.08008213552361396,0.061601642710472276,0.011838006230529595,0.07913509502517159,8.477777777777778,3.988888888888889,12.466666666666667,3.368888888888889,0.6306826923076922,0.6914615384615386,6.863461538461538,3.125,2.875,3.375,2.125,2.875,2.875,0,4,5,0
EMP0012,销售部,财务分析师,P6,49,1.3,127300,8.5,2022-09-14,0.3919,False,,0.19158110882956877,8.054004106776182,0.10882956878850103,0.07802874743326489,0.049221183800623056,0.10489187408445119,1.3888888888888888,1.788888888888889,3.1777777777777776,3.6555555555555554,0.5525961538461538,0.626875,7.408653846153846,2.75,3.125,2.875,2.625,2.125,2.7,6,6,4,0
EMP0013,销售部,初级工程师,P4,29,1.4,57900,23.3,2022-08-09,0.4026,False,,0.14250513347022586,7.96694045174538,0.13963039014373715,0.08213552361396304,0.1414330218068536,0.12831574839918886,1.6444444444444444,0.7444444444444445,2.388888888888889,4.165555555555556,0.5547403846153846,0.6119134615384616,7.382692307692308,2.75,3.0,2.625,2.125,2.75,2.65,6,3,2,0
EMP0014,客服部,财务分析师,P6,22,1.0,56700,22.7,2023-01-01,0.3139,False,,0.17248459958932238,8.029363449691992,0.11498973305954825,0.07392197125256673,0.13769470404984424,0.10397415673556071,4.9222222222222225,4.877777777777778,9.8,3.4722222222222223,0.6042403846153847,0.6895096153846154,7.309615384615385,3.25,2.875,3.0,2.625,3.0,2.95,2,6,4,0
EMP0015,工程部,市场专员,M1,29,0.9,84400,15.0,2023-02-07,0.3948,False,,0.16694045174537986,7.997535934291581,0.14168377823408623,0.10882956878850103,0.08971962616822429,0.1345062081406283,9.588888888888889,0.6444444444444445,10.233333333333333,4.116666666666666,0.5304423076923077,0.5918173076923077,7.483653846153846,3.0,2.875,2.75,2.5,2.125,2.65,3,5,0,0
EMP0016,市场部,产品经理,P4,22,0.9,126600,10.1,2023-02-07,0.4578,False,,0.17659137577002054,7.9872689938398365,0.15605749486652978,0.11088295687885011,0.05919003115264797,0.15132229237431793,2.1666666666666665,2.9555555555555557,5.122222222222222,4.241111111111111,0.47886538461538464,0.5208653846153847,7.679807692307692,2.375,2.375,2.875,2.375,2.375,2.475,4,2,2,0
EMP0017,工程部,中级工程师,P4,33,1.3,81900,20.9,2022-09-14,0.2214,False,,0.21991786447638603,8.12505133470226,0.07392197125256673,0.061601642710472276,0.1264797507788162,0.06380359119026144,6.222222222222222,2.9444444444444446,9.166666666666666,2.8744444444444444,0.6429326923076922,0.7076442307692308,6.7548076923076925,3.25,2.875,3.25,3.25,3.25,3.175,3,1,2,0
EMP0018,市场部,高级工程师,P7,34,6.0,67300,4.2,2018-01-02,0.3345,False,,0.2570841889117043,8.128131416837782,0.10677618069815195,0.08213552361396304,0.022429906542056077,0.10498178817478747,6.822222222222222,2.422222222222222,9.244444444444444,3.53,0.5577307692307693,0.6152788461538462,7.295192307692308,3.0,2.875,3.25,2.375,2.625,2.825,4,9,5,0
EMP0019,工程部,销售经理,P4,24,1.4,59300,14.8,2022-08-09,0.3758,False,,0.17104722792607802,8.008213552361397,0.1375770020533881,0.06981519507186858,0.08847352024922119,0.1304991204334504,3.6444444444444444,1.3777777777777778,5.022222222222222,3.4533333333333336,0.5540769230769231,0.6210288461538462,7.165384615384616,2.75,2.5,2.875,2.5,2.25,2.5749999999999997,3,8,2,0
EMP0020,产品部,市场专员,M2,50,1.5,66900,14.3,2022-07-03,0.1663,False,,0.15071868583162218,8.03388090349076,0.08829568788501027,0.059548254620123205,0.0853582554517134,0.0814670274488732,6.688888888888889,1.1,7.788888888888889,2.6211111111111114,0.7041153846153846,0.7572692307692308,6.615384615384615,3.75,3.5,3.125,3.0,3.0,3.275,0,5,1,0
EMP0021,财务部,初级工程师,P7,32,0.8,56700,6.2,2023-03-15,0.4823,False,,0.1673511293634497,7.991170431211499,0.13963039014373715,0.09034907597535935,0.034890965732087234,0.13683911288517017,1.2333333333333334,6.466666666666667,7.7,4.203333333333333,0.4085384615384615,0.35515384615384615,7.538461538461538,2.5,2.375,2.375,1.875,2.5,2.325,5,3,5,0
EMP0022,市场部,高级工程师,P7,36,1.2,91000,5.6,2022-10-20,0.2069,False,,0.17761806981519507,8.051334702258726,0.09650924024640657,0.04722792607802875,0.03115264797507788,0.09401702840840034,6.311111111111111,1.6111111111111112,7.9222222222222225,2.888888888888889,0.6473557692307692,0.6786346153846154,6.710576923076923,3.5,3.0,4.375,2.875,2.875,3.325,4,9,5,0
EMP0023,销售部,初级工程师,M2,33,11.8,43300,7.7,2012-03-17,0.1643,False,,0.17638603696098565,8.062628336755647,0.08829568788501027,0.057494866529774126,0.044236760124610586,0.08475674707504142,9.344444444444445,3.611111111111111,12.955555555555556,2.8744444444444444,0.6858653846153846,0.7497596153846153,6.6557692307692315,3.625,3.125,3.5,3.125,3.25,3.325,6,3,1,0
EMP0024,客服部,客服代表,P5,38,4.5,73600,161.1,2019-07-04,0.3911,False,,0.16694045174537986,7.88829568788501,0.21765913757700206,0.10472279260780287,1.0,0.13765913757700204,7.877777777777778,0.3888888888888889,8.266666666666667,4.177777777777778,0.5612980769230769,0.6633365384615384,7.446153846153846,2.75,2.75,2.75,2.25,2.625,2.625,2,4,3,0
EMP0025,人力资源部,初级工程师,P7,22,3.1,133300,3.6,2020-11-26,0.2055,False,,0.24537987679671458,8.13305954825462,0.08213552361396304,0.045174537987679675,0.018691588785046728,0.08064019651115929,5.3,4.644444444444445,9.944444444444445,2.6844444444444444,0.6293557692307693,0.6231923076923077,6.556730769230769,3.875,3.625,3.0,2.875,2.625,3.2,1,3,5,0
EMP0026,销售部,市场专员,M2,32,2.2,88100,4.9,2021-10-20,0.4579,False,,0.19219712525667354,8.039014373716633,0.12525667351129363,0.11498973305954825,0.02679127725856698,0.12311337133060828,5.7555555555555555,1.9333333333333333,7.688888888888889,4.568888888888889,0.49938461538461537,0.5770384615384615,7.823076923076924,2.75,2.75,2.875,2.25,2.25,2.575,6,5,1,0
EMP0027,市场部,HR专员,P7,24,3.7,27000,4.1,2020-04-21,0.1119,False,,0.18747433264887062,8.097535934291582,0.06981519507186858,0.024640657084188913,0.021806853582554516,0.06807064678526421,8.055555555555555,3.6222222222222222,11.677777777777777,2.186666666666667,0.7081153846153847,0.7176634615384615,6.421153846153846,3.625,3.375,3.625,2.75,3.125,3.3,4,0,5,0
EMP0028,销售部,高级工程师,P5,27,1.0,64400,11.7,2023-01-01,0.5263,False,,0.1131416837782341,7.917659137577003,0.1437371663244353,0.12320328542094455,0.0691588785046729,0.13820445604406148,1.3444444444444446,1.8222222222222222,3.1666666666666665,5.673333333333333,0.4575961538461539,0.5169903846153846,7.713461538461539,2.25,2.75,2.75,2.0,2.25,2.4,6,9,3,0
EMP0029,市场部,客服代表,P6,30,0.6,126600,0.6,2023-05-27,0.4733,False,,0.16919917864476386,7.984394250513347,0.1457905544147844,0.10882956878850103,0.0,0.1457905544147844,15.144444444444444,2.6333333333333333,17.77777777777778,5.295555555555556,0.4443076923076923,0.46603846153846157,7.727884615384616,2.375,2.25,2.75,2.125,2.5,2.4,4,4,4,0
EMP0030,财务部,销售经理,P5,24,1.1,214200,7.9,2022-11-26,0.3376,False,,0.15256673511293634,8.003696098562628,0.11909650924024641,0.07597535934291581,0.04548286604361371,0.11545787995675731,1.6444444444444444,4.333333333333333,5.977777777777778,3.4811111111111113,0.5222788461538461,0.4314711538461538,6.9788461538461535,3.375,3.25,3.375,2.5,2.25,2.95,5,8,3,0
EMP0031,人力资源部,销售经理,P7,41,1.8,36500,12.8,2022-03-15,0.2276,False,,0.13511293634496918,8.037371663244352,0.07802874743326489,0.07597535934291581,0.07601246105919003,0.07194775054852968,13.21111111111111,3.566666666666667,16.77777777777778,2.8188888888888886,0.5861346153846154,0.5739519230769231,6.964423076923077,3.375,3.125,3.25,3.0,3.375,3.225,1,8,5,0
EMP0032,财务部,客服代表,P5,28,0.4,47300,14.6,2023-08-08,0.5367,True,2025-12-02,0.21149897330595482,8.039425051334701,0.13963039014373715,0.09034907597535935,0.08722741433021806,0.1326521969973197,1.3,4.3,5.6,4.738888888888889,0.4039903846153846,0.32402884615384614,7.996153846153846,2.625,2.5,1.875,1.75,2.5,2.25,5,4,3,1
EMP0033,人力资源部,产品经理,M1,32,1.7,73000,33.0,2022-04-21,0.4321,True,2024-05-08,0.22772073921971253,8.023203285420944,0.15811088295687886,0.1026694045174538,0.20186915887850468,0.14196135024659848,5.688888888888889,1.1333333333333333,6.822222222222222,4.652222222222222,0.4719807692307692,0.49075,7.640384615384615,3.0,2.0,3.0,2.625,2.5,2.625,1,2,0,1
EMP0034,客服部,销售代表,P7,28,1.7,83300,14.2,2022-04-21,0.4588,True,2025-12-02,0.1831622176591376,8.021560574948666,0.13141683778234087,0.1375770020533881,0.08473520249221182,0.12463802158296391,4.7,2.066666666666667,6.766666666666667,5.091111111111111,0.5212403846153847,0.6279326923076923,7.690384615384615,3.0,2.375,2.375,2.125,2.125,2.4,2,7,5,1
EMP0035,工程部,销售经理,P7,34,3.1,57000,2.5,2020-11-26,0.3585,False,,0.22176591375770022,8.0694045174538,0.11704312114989733,0.10061601642710473,0.011838006230529595,0.11609608065145496,3.511111111111111,2.7333333333333334,6.2444444444444445,3.2733333333333334,0.5474519230769231,0.6122211538461538,7.301923076923076,3.25,2.875,2.5,2.75,2.5,2.775,3,8,5,0
EMP0036,财务部,HR专员,P4,42,9.0,70400,15.0,2015-01-03,0.3801,False,,0.15051334702258726,7.981930184804928,0.13141683778234087,0.09034907597535935,0.08971962616822429,0.12423926768888292,11.433333333333334,0.5555555555555556,11.988888888888889,3.924444444444444,0.4782884615384615,0.4251057692307692,7.447115384615385,2.75,2.875,3.125,2.875,2.5,2.8249999999999997,5,0,2,0
EMP0037,工程部,中级工程师,P6,39,3.4,95000,5.0,2020-08-08,0.1068,False,,0.2326488706365503,8.136550308008214,0.06981519507186858,0.039014373716632446,0.027414330218068536,0.06762204865442309,9.6,2.566666666666667,12.166666666666666,2.19,0.721826923076923,0.7654134615384615,6.301923076923076,4.125,4.125,3.5,3.5,3.875,3.825,3,1,4,0
EMP0038,产品部,HR专员,P6,27,1.7,37500,4.7,2022-04-21,0.0725,False,,0.1862422997946612,8.117864476386037,0.053388090349075976,0.024640657084188913,0.025545171339563865,0.051344476641910865,7.2,4.811111111111111,12.011111111111111,2.1322222222222225,0.7539134615384615,0.7995769230769232,6.234615384615385,3.5,3.5,4.0,3.5,3.5,3.6,0,0,4,0
EMP0039,客服部,高级工程师,P6,36,2.5,57300,10.2,2021-07-03,0.4571,False,,0.17659137577002054,7.9940451745379875,0.13552361396303902,0.09856262833675565,0.05981308411214953,0.13073856723406707,1.5555555555555556,0.37777777777777777,1.9333333333333333,4.047777777777778,0.5294519230769231,0.6260480769230768,7.6461538461538465,2.5,3.125,2.625,2.0,2.375,2.525,2,9,4,0
EMP0040,人力资源部,销售代表,M2,37,0.5,39100,5.1,2023-07-03,0.2648,False,,0.20225872689938398,8.08110882956879,0.10061601642710473,0.06570841889117043,0.028037383177570093,0.09837302577289912,3.422222222222222,3.7444444444444445,7.166666666666667,3.0266666666666664,0.6092115384615384,0.5972019230769231,6.991346153846154,3.5,3.0,2.625,2.875,3.125,3.025,1,7,1,0
EMP0041,销售部,财务分析师,M2,27,1.8,33500,13.8,2022-03-15,0.4471,False,,0.1537987679671458,7.959342915811088,0.15811088295687886,0.07802874743326489,0.08224299065420561,0.1515314437045424,9.155555555555555,2.533333333333333,11.688888888888888,4.921111111111111,0.4910192307692308,0.5679423076923077,7.940384615384615,2.375,2.75,3.0,3.125,2.375,2.725,6,6,1,0
EMP0042,人力资源部,销售代表,P4,30,0.4,30800,4.4,2023-08-08,0.3554,False,,0.16550308008213552,8.007186858316222,0.1273100616016427,0.09034907597535935,0.02367601246105919,0.12541598060475798,5.166666666666667,2.388888888888889,7.555555555555555,3.8666666666666667,0.5256153846153846,0.5161538461538462,7.168269230769231,2.875,2.875,2.75,3.375,2.625,2.9,1,7,2,0
EMP0043,产品部,中级工程师,P6,29,3.5,35300,32.0,2020-07-03,0.3865,False,,0.24866529774127308,8.092813141683777,0.13141683778234087,0.11498973305954825,0.1956386292834891,0.11576574743966174,7.455555555555556,0.5777777777777777,8.033333333333333,3.598888888888889,0.5382692307692308,0.6037596153846153,7.5576923076923075,3.125,2.5,2.875,2.875,2.5,2.775,0,1,4,0
EMP0044,财务部,客服代表,P4,31,1.6,98200,6.8,2022-05-27,0.3502,False,,0.19342915811088296,8.031622176591377,0.11704312114989733,0.10677618069815195,0.03862928348909657,0.11395277847076961,8.466666666666667,1.6222222222222222,10.088888888888889,3.033333333333333,0.4764038461538461,0.3784230769230769,7.015384615384615,2.875,3.25,2.75,3.125,2.875,2.975,5,4,2,0
EMP0045,财务部,客服代表,P5,32,1.5,44500,4.4,2022-07-03,0.3271,False,,0.1946611909650924,8.034702258726899,0.12525667351129363,0.06981519507186858,0.02367601246105919,0.1233625925144089,10.011111111111111,3.6,13.61111111111111,3.03,0.5219038461538461,0.4978653846153846,7.2817307692307685,2.875,2.625,2.75,3.0,2.75,2.8,5,4,3,0
EMP0046,销售部,财务分析师,P5,22,4.8,53800,15.6,2019-03-16,0.4328,True,2024-06-16,0.17905544147843944,8.006365503080081,0.1437371663244353,0.09034907597535935,0.09345794392523364,0.1362605308104166,4.388888888888889,0.7,5.088888888888889,4.446666666666666,0.5237499999999999,0.5941538461538461,7.552884615384615,2.5,2.875,2.125,2.625,2.125,2.45,6,6,3,1
EMP0047,财务部,销售代表,M2,47,3.3,50300,5.6,2020-09-14,0.0898,False,,0.19486652977412733,8.093839835728952,0.07597535934291581,0.030800821355236138,0.03115264797507788,0.07348314750490959,6.811111111111111,5.477777777777778,12.28888888888889,1.9588888888888891,0.6569807692307693,0.5765288461538461,6.2182692307692315,4.125,3.75,3.75,3.125,3.0,3.55,5,7,1,0
EMP0048,人力资源部,产品经理,M2,37,1.2,57400,33.9,2022-10-20,0.1843,False,,0.226694045174538,8.079671457905544,0.11498973305954825,0.057494866529774126,0.20747663551401868,0.09839160221842676,12.033333333333333,1.1,13.133333333333333,2.8766666666666665,0.6319134615384615,0.6350192307692308,6.707692307692308,3.625,3.375,4.125,3.625,2.625,3.475,1,2,1,0
EMP0049,人力资源部,财务分析师,M1,31,10.1,26200,6.9,2013-11-28,0.0891,False,,0.224435318275154,8.142299794661191,0.059548254620123205,0.04106776180698152,0.03925233644859813,0.05640806770423536,5.933333333333334,5.333333333333333,11.266666666666667,1.9277777777777778,0.7018461538461539,0.6625000000000001,6.124038461538461,3.75,3.875,3.375,3.125,3.25,3.475,1,6,0,0
EMP0050,客服部,市场专员,P7,28,6.0,39200,38.2,2018-01-02,0.3573,False,,0.16180698151950718,7.959958932238193,0.15811088295687886,0.09034907597535935,0.23426791277258568,0.139369449935072,2.3444444444444446,1.8777777777777778,4.222222222222222,3.7488888888888887,0.5899038461538462,0.6804711538461539,7.188461538461539,2.875,2.5,3.5,2.375,2.5,2.75,2,5,5,0
EMP0051,财务部,市场专员,P4,27,2.2,82000,5.9,2021-10-20,0.4203,False,,0.19158110882956877,8.031622176591377,0.11909650924024641,0.08624229979466119,0.03302180685358255,0.11645476469195981,2.3222222222222224,2.577777777777778,4.9,3.8466666666666667,0.4699038461538461,0.3797019230769231,7.459615384615384,2.375,2.375,2.375,2.0,2.125,2.25,5,5,2,0
EMP0052,客服部,产品经理,M2,37,3.7,46700,4.8,2020-04-21,0.2016,False,,0.13880903490759752,8.01889117043121,0.0944558521560575,0.04106776180698152,0.02616822429906542,0.09236239421213226,1.6444444444444444,3.3555555555555556,5.0,2.84,0.7057596153846154,0.7669519230769232,6.628846153846154,3.375,3.125,3.0,3.5,2.75,3.15,2,2,1,0
EMP0053,销售部,客服代表,M2,30,0.7,70300,3.9,2023-04-21,0.4652,False,,0.15544147843942505,7.960369609856262,0.1437371663244353,0.08829568788501027,0.020560747663551402,0.1420923065113512,5.355555555555555,1.8333333333333333,7.188888888888889,5.176666666666667,0.4890096153846154,0.5727884615384615,7.766346153846154,2.875,2.5,2.625,2.5,2.5,2.6,6,4,1,0
EMP0054,产品部,初级工程师,P6,27,1.5,41700,4.4,2022-07-03,0.1113,False,,0.211088295687885,8.152772073921971,0.043121149897330596,0.03490759753593429,0.02367601246105919,0.04122706890044586,16.844444444444445,4.288888888888889,21.133333333333333,2.61,0.7202211538461539,0.7562211538461538,6.56923076923077,3.75,3.25,3.75,3.125,3.0,3.375,0,3,4,0
EMP0055,市场部,产品经理,M1,37,1.9,111900,11.5,2022-02-07,0.3443,False,,0.18911704312114988,7.97741273100616,0.17248459958932238,0.061601642710472276,0.06791277258566977,0.1670515777824688,1.4111111111111112,2.8222222222222224,4.233333333333333,3.3099999999999996,0.5651057692307693,0.6092211538461538,7.115384615384615,2.875,3.125,2.125,2.625,2.75,2.7,4,2,0,0
EMP0056,财务部,市场专员,P7,37,1.4,128500,7.6,2022-08-09,0.3506,False,,0.2164271047227926,8.06817248459959,0.11909650924024641,0.09034907597535935,0.043613707165109025,0.11560741266703768,9.044444444444444,1.9666666666666666,11.011111111111111,3.727777777777778,0.48822115384615383,0.43023076923076925,7.109615384615385,2.375,3.125,2.25,2.75,3.125,2.725,5,5,5,0
EMP0057,产品部,财务分析师,P4,29,0.5,22000,12.8,2023-07-03,0.4995,False,,0.1759753593429158,7.992607802874743,0.14989733059548255,0.10472279260780287,0.07601246105919003,0.14381633371074734,4.611111111111111,1.711111111111111,6.322222222222222,5.1288888888888895,0.46829807692307696,0.54825,7.7846153846153845,2.5,2.875,2.5,2.0,2.0,2.375,0,6,2,0
EMP0058,工程部,财务分析师,M2,35,2.3,65100,1.9,2021-09-14,0.3645,False,,0.14969199178644765,8.019301848049281,0.10061601642710473,0.06776180698151951,0.008099688473520248,0.0999680413492231,2.8666666666666667,0.6222222222222222,3.488888888888889,3.3211111111111107,0.5542307692307692,0.6045384615384616,7.199038461538462,3.125,2.75,2.5,2.5,3.125,2.8,3,6,1,0
EMP0059,工程部,销售经理,P4,25,2.2,88900,13.6,2021-10-20,0.4071,False,,0.1535934291581109,7.982546201232033,0.1293634496919918,0.11498973305954825,0.08099688473520249,0.12288369891317559,8.366666666666667,3.966666666666667,12.333333333333334,3.6966666666666663,0.5104519230769231,0.5431346153846154,7.528846153846154,2.625,2.75,2.5,2.625,1.75,2.45,3,8,2,0
EMP0060,市场部,高级工程师,M2,26,0.5,51300,4.6,2023-07-03,0.379,False,,0.1439425051334702,7.993223819301848,0.11498973305954825,0.09650924024640657,0.0249221183800623,0.11299596358914327,13.566666666666666,1.3333333333333333,14.9,3.861111111111111,0.5277019230769231,0.5472115384615385,7.74326923076923,2.875,2.5,2.75,2.375,3.125,2.725,4,9,1,0
EMP0061,客服部,初级工程师,M2,40,0.6,71700,12.4,2023-05-27,0.5147,True,2024-04-17,0.1735112936344969,7.960574948665298,0.17248459958932238,0.07597535934291581,0.0735202492211838,0.16660297965162768,1.3,3.6444444444444444,4.944444444444445,5.022222222222222,0.4817788461538462,0.580951923076923,7.75673076923077,2.5,2.5,2.625,1.75,1.625,2.2,2,3,1,1
EMP0062,市场部,初级工程师,P4,34,4.9,112700,9.7,2019-02-08,0.3344,False,,0.15174537987679673,8.030800821355236,0.09856262833675565,0.08624229979466119,0.05669781931464174,0.09402680279158432,4.911111111111111,1.011111111111111,5.9222222222222225,3.521111111111111,0.5575576923076923,0.596798076923077,7.0413461538461535,2.75,3.375,2.625,2.625,2.25,2.725,4,3,2,0
EMP0063,市场部,客服代表,M2,30,1.4,53700,15.8,2022-08-09,0.1344,False,,0.1837782340862423,8.070225872689939,0.09034907597535935,0.026694045174537988,0.09470404984423676,0.08277275198782041,13.122222222222222,2.9,16.022222222222222,2.422222222222222,0.7005961538461538,0.720576923076923,6.374038461538461,3.75,3.0,3.375,3.0,3.0,3.225,4,4,1,0
EMP0064,产品部,高级工程师,P4,33,1.5,54900,15.1,2022-07-03,0.4812,False,,0.1856262833675565,7.983572895277208,0.15195071868583163,0.09856262833675565,0.09034267912772585,0.14472330435561356,2.188888888888889,1.9111111111111112,4.1,4.381111111111111,0.48062499999999997,0.5450769230769231,7.8701923076923075,3.0,2.875,2.75,2.25,2.75,2.725,0,9,2,0
EMP0065,客服部,高级工程师,P7,38,3.7,83400,16.6,2020-04-21,0.2713,False,,0.15995893223819302,8.024435318275154,0.11088295687885011,0.06365503080082136,0.09968847352024922,0.10290787899723017,6.733333333333333,1.788888888888889,8.522222222222222,3.308888888888889,0.6432788461538461,0.7127115384615385,6.9653846153846155,2.875,3.125,3.0,3.0,2.875,2.975,2,9,5,0
EMP0066,财务部,客服代表,P4,32,1.5,41000,45.0,2022-07-03,0.3582,False,,0.1431211498973306,7.938603696098562,0.16632443531827515,0.057494866529774126,0.2766355140186916,0.14419359419677982,6.433333333333334,0.37777777777777777,6.811111111111111,3.4955555555555557,0.5054134615384616,0.4228269230769231,7.199038461538462,3.0,3.0,3.25,2.625,2.375,2.85,5,4,2,0
EMP0067,财务部,中级工程师,P6,49,2.9,70600,33.2,2021-02-07,0.3233,False,,0.15010266940451744,8.00965092402464,0.11909650924024641,0.08829568788501027,0.2031152647975078,0.10284728805644579,5.522222222222222,2.2555555555555555,7.777777777777778,3.2888888888888888,0.5092596153846154,0.43513461538461534,6.974038461538461,3.375,3.0,2.875,3.0,3.125,3.075,5,1,4,0
EMP0068,产品部,市场专员,P5,33,2.7,172400,8.1,2021-04-21,0.3831,False,,0.20184804928131417,8.076386036960985,0.10677618069815195,0.09240246406570841,0.046728971962616814,0.1030378629411426,1.4,1.711111111111111,3.111111111111111,3.743333333333333,0.5465096153846154,0.6013461538461539,7.403846153846154,3.375,3.375,3.0,2.5,2.5,2.95,0,5,3,0
EMP0069,人力资源部,客服代表,P4,34,1.7,64400,8.0,2022-04-21,0.2976,False,,0.19938398357289527,8.040862422997947,0.1273100616016427,0.06365503080082136,0.04610591900311527,0.1236215880813935,2.566666666666667,0.5444444444444444,3.111111111111111,2.923333333333334,0.5780096153846154,0.5721057692307693,6.974038461538461,3.625,3.5,2.875,2.5,2.875,3.075,1,4,2,0
EMP0070,产品部,销售经理,M2,29,1.2,87600,11.4,2022-10-20,0.1683,False,,0.1856262833675565,8.08993839835729,0.08213552361396304,0.04722792607802875,0.06728971962616823,0.07675234604386957,6.5,3.7111111111111112,10.21111111111111,2.457777777777778,0.6881346153846154,0.7523557692307693,6.4557692307692305,3.625,3.375,2.875,3.375,3.0,3.25,0,8,1,0
EMP0071,销售部,产品经理,P6,35,1.6,83200,7.8,2022-05-27,0.3069,False,,0.20595482546201233,8.097125256673511,0.09650924024640657,0.061601642710472276,0.044859813084112146,0.09292045519967759,7.477777777777778,5.666666666666667,13.144444444444444,3.6,0.5814615384615385,0.6784326923076923,7.377884615384615,3.375,2.875,3.125,2.25,2.625,2.85,6,2,4,0
EMP0072,市场部,初级工程师,M2,31,1.7,35300,6.1,2022-04-21,0.4247,False,,0.1570841889117043,7.969609856262833,0.1437371663244353,0.10061601642710473,0.034267912772585674,0.14099573330262846,5.455555555555556,0.9111111111111111,6.366666666666666,4.033333333333333,0.504048076923077,0.5342115384615385,7.604807692307692,2.75,2.75,2.125,2.25,2.375,2.45,4,3,1,0
EMP0073,工程部,销售经理,M2,35,5.2,35000,8.3,2018-10-21,0.1958,False,,0.1515400410677618,8.047638603696099,0.08418891170431211,0.04722792607802875,0.047975077881619935,0.08035090547378251,12.011111111111111,5.044444444444444,17.055555555555557,3.022222222222222,0.6473173076923077,0.7184326923076922,6.742307692307692,2.75,3.625,3.5,2.625,3.25,3.15,3,8,1,0
EMP0074,市场部,高级工程师,M1,38,2.5,51100,17.0,2021-07-03,0.2787,False,,0.1835728952772074,8.048665297741273,0.10677618069815195,0.07392197125256673,0.10218068535825545,0.09860172586949151,12.3,3.566666666666667,15.866666666666667,2.9277777777777776,0.5834134615384615,0.5936634615384615,6.979807692307692,3.125,3.5,3.125,2.75,3.0,3.1,4,9,0,0
EMP0075,市场部,销售经理,P4,48,1.3,62600,6.4,2022-09-14,0.4121,True,2025-01-28,0.13121149897330595,7.93388090349076,0.16632443531827515,0.08008213552361396,0.03613707165109034,0.16343346958618793,2.3555555555555556,4.722222222222222,7.0777777777777775,4.282222222222222,0.4775673076923077,0.5268076923076923,7.306730769230769,2.75,3.5,3.0,2.875,2.5,2.925,4,8,2,1
EMP0076,客服部,中级工程师,M1,39,1.0,25100,7.5,2023-01-01,0.1638,False,,0.2293634496919918,8.142915811088296,0.07392197125256673,0.0513347022587269,0.04299065420560748,0.07048271891611814,15.28888888888889,4.211111111111111,19.5,2.7666666666666666,0.6989615384615384,0.7747307692307692,6.621153846153846,3.625,3.125,3.5,3.125,2.25,3.125,2,1,0,0
EMP0077,人力资源部,财务分析师,P5,22,4.4,60200,7.8,2019-08-09,0.2265,False,,0.22238193018480493,8.096098562628336,0.10677618069815195,0.06981519507186858,0.044859813084112146,0.10318739565142299,10.266666666666667,1.5444444444444445,11.811111111111112,2.718888888888889,0.6199807692307692,0.5976826923076923,6.714423076923077,2.875,3.25,3.125,3.25,2.875,3.075,1,6,3,0
EMP0078,工程部,HR专员,M1,22,5.9,121300,4.9,2018-02-08,0.193,False,,0.19794661190965093,8.075564681724847,0.09650924024640657,0.04722792607802875,0.02679127725856698,0.09436593806572122,12.71111111111111,2.388888888888889,15.1,2.943333333333333,0.6559423076923078,0.7042692307692308,6.554807692307692,4.125,3.625,3.375,3.0,2.75,3.375,3,0,0,0
EMP0079,财务部,销售代表,M2,22,4.0,87500,5.5,2020-01-02,0.2481,False,,0.2190965092402464,8.074743326488706,0.11293634496919917,0.057494866529774126,0.03052959501557632,0.11049397736795306,1.5777777777777777,5.366666666666666,6.944444444444445,2.517777777777778,0.5272788461538462,0.4888846153846154,6.6875,3.25,3.625,3.0,3.0,2.625,3.1,5,7,1,0
EMP0080,客服部,高级工程师,P5,44,1.0,78300,8.5,2023-01-01,0.5041,True,2025-08-26,0.1408624229979466,7.941478439425051,0.1540041067761807,0.13963039014373715,0.049221183800623056,0.15006641207213087,7.366666666666666,1.0777777777777777,8.444444444444445,5.041111111111111,0.47579807692307696,0.5786730769230769,7.875,2.875,2.375,2.625,2.125,1.875,2.375,2,9,3,1
EMP0081,市场部,市场专员,P5,32,2.2,59700,21.9,2021-10-20,0.4051,False,,0.1700205338809035,8.012731006160164,0.1375770020533881,0.09856262833675565,0.13271028037383178,0.12696017962348155,3.588888888888889,0.6444444444444445,4.233333333333333,3.758888888888889,0.507951923076923,0.5393173076923077,7.300961538461538,3.5,2.375,2.625,2.375,2.0,2.575,4,5,3,0
EMP0082,财务部,客服代表,M2,33,2.6,88700,3.3,2021-05-27,0.4901,False,,0.1439425051334702,7.9716632443531825,0.14168377823408623,0.09650924024640657,0.016822429906542053,0.14033798384156287,5.366666666666666,1.1,6.466666666666667,4.506666666666667,0.42553846153846153,0.36732692307692305,7.498076923076923,2.375,2.75,2.5,2.125,2.125,2.375,5,4,1,0
EMP0083,销售部,市场专员,P6,24,0.8,63500,6.2,2023-03-15,0.5147,False,,0.15092402464065707,7.947843942505133,0.15811088295687886,0.1273100616016427,0.034890965732087234,0.15531960569831188,2.7888888888888888,2.577777777777778,5.366666666666666,4.421111111111111,0.46167307692307696,0.5372980769230769,7.9951923076923075,2.625,2.625,2.875,1.875,2.25,2.45,6,5,4,0
EMP0084,产品部,中级工程师,M2,31,1.1,38300,2.8,2022-11-26,0.2405,False,,0.25277207392197126,8.137577002053389,0.0944558521560575,0.055441478439425054,0.013707165109034268,0.09335927894733476,5.955555555555556,1.4666666666666666,7.4222222222222225,2.801111111111111,0.6424423076923076,0.7028557692307692,6.935576923076923,3.25,3.875,2.75,3.125,2.375,3.075,0,1,1,0
EMP0085,工程部,产品经理,P4,25,1.6,81400,26.6,2022-05-27,0.2637,False,,0.18418891170431212,8.021971252566734,0.12525667351129363,0.06981519507186858,0.161993769470405,0.11229717195366123,6.477777777777778,1.1444444444444444,7.622222222222222,3.1666666666666665,0.6191057692307692,0.6617307692307693,6.774038461538462,2.875,3.0,3.625,2.875,3.125,3.1,3,2,2,0
EMP0086,市场部,市场专员,P5,30,4.4,46000,8.8,2019-08-09,0.4123,False,,0.17268993839835728,8.006365503080081,0.13552361396303902,0.06776180698151951,0.05109034267912772,0.13143638654870882,2.0444444444444443,0.5222222222222223,2.566666666666667,4.156666666666667,0.519201923076923,0.5566442307692308,7.483653846153846,2.5,2.75,2.625,2.5,2.5,2.575,4,5,3,0
EMP0087,产品部,财务分析师,P4,36,6.1,102900,16.8,2017-11-27,0.3493,False,,0.17494866529774128,8.002669404517453,0.14168377823408623,0.08624229979466119,0.10093457943925234,0.13360901187894605,8.511111111111111,1.5222222222222221,10.033333333333333,3.738888888888889,0.560451923076923,0.6359038461538462,7.248076923076923,3.0,2.75,2.75,2.75,2.375,2.725,0,6,2,0
EMP0088,工程部,HR专员,P5,36,0.4,63200,3.1,2023-08-08,0.4447,False,,0.15092402464065707,7.968172484599589,0.14168377823408623,0.0944558521560575,0.015576323987538943,0.1404376723150831,5.944444444444445,5.7,11.644444444444444,4.536666666666667,0.48424038461538466,0.54525,7.671153846153846,2.375,3.0,2.875,2.375,2.125,2.55,3,0,3,0
EMP0089,销售部,客服代表,P4,31,2.9,85900,1.5,2021-02-07,0.5222,False,,0.17638603696098562,7.9710472279260784,0.16837782340862423,0.10472279260780287,0.005607476635514018,0.16792922527778312,4.766666666666667,0.4444444444444444,5.211111111111111,4.964444444444444,0.4639230769230769,0.5367980769230769,7.885576923076924,2.0,2.5,2.375,2.25,2.0,2.225,6,4,2,0
EMP0090,客服部,HR专员,P4,44,3.6,72700,0.9,2020-05-27,0.4945,True,2024-06-23,0.14414784394250513,7.956673511293634,0.15195071868583163,0.12525667351129363,0.0018691588785046728,0.15180118597555126,7.733333333333333,3.522222222222222,11.255555555555556,4.931111111111111,0.4743076923076923,0.5882115384615385,7.904807692307693,2.25,2.5,2.75,2.25,1.75,2.3,2,0,2,1
EMP0091,市场部,HR专员,M1,22,2.2,48700,22.8,2021-10-20,0.4505,False,,0.13880903490759752,7.940657084188912,0.14989733059548255,0.1026694045174538,0.13831775700934582,0.13883191003473488,1.9555555555555555,4.444444444444445,6.4,4.773333333333333,0.48332692307692304,0.5039038461538461,7.615384615384615,2.75,2.75,2.375,2.375,2.75,2.6,4,0,0,0
EMP0092,销售部,产品经理,P7,26,0.6,82200,2.5,2023-05-27,0.5251,False,,0.14661190965092405,7.961601642710472,0.1437371663244353,0.1026694045174538,0.011838006230529595,0.14279012582599293,1.3777777777777778,3.1,4.477777777777778,4.776666666666666,0.4540096153846154,0.5419519230769231,7.883653846153846,2.125,2.0,2.5,1.625,2.125,2.075,6,2,5,0
EMP0093,人力资源部,客服代表,M1,24,4.2,56000,3.8,2019-10-21,0.4808,False,,0.13552361396303902,7.935728952772074,0.16837782340862423,0.09034907597535935,0.01993769470404984,0.16678280783230023,1.988888888888889,3.511111111111111,5.5,4.382222222222222,0.4626923076923077,0.42038461538461536,7.6432692307692305,2.375,2.75,2.875,2.125,2.125,2.45,1,4,0,0
EMP0094,市场部,财务分析师,P7,29,4.7,76000,5.3,2019-04-22,0.1993,False,,0.20308008213552362,8.065503080082136,0.1026694045174538,0.039014373716632446,0.029283489096573207,0.10032672538972794,20.333333333333332,0.4444444444444444,20.77777777777778,3.006666666666667,0.629576923076923,0.6623557692307693,6.653846153846154,3.0,3.375,3.5,2.75,2.75,3.075,4,6,5,0
EMP0095,客服部,高级工程师,P4,35,6.9,105700,4.7,2017-02-08,0.3032,False,,0.1895277207392197,8.02464065708419,0.12320328542094455,0.06570841889117043,0.025545171339563865,0.12115967171377945,3.588888888888889,1.8,5.388888888888889,3.606666666666667,0.6271442307692308,0.710173076923077,6.967307692307693,3.0,3.0,3.125,2.375,2.625,2.825,2,9,2,0
EMP0096,财务部,产品经理,P4,22,1.1,42100,4.6,2022-11-26,0.3735,False,,0.1648870636550308,8.017248459958932,0.12525667351129363,0.07186858316221766,0.0249221183800623,0.12326290404088865,3.933333333333333,1.6444444444444444,5.5777777777777775,3.988888888888889,0.4817403846153846,0.39751923076923074,7.085576923076923,3.125,3.0,2.75,2.75,2.5,2.825,5,2,2,0
EMP0097,市场部,中级工程师,P7,30,1.5,85300,3.5,2022-07-03,0.1571,False,,0.14681724845995894,8.057905544147843,0.06981519507186858,0.04106776180698152,0.01806853582554517,0.06836971220582497,9.477777777777778,4.477777777777778,13.955555555555556,2.6155555555555554,0.6699038461538461,0.6925192307692308,6.553846153846154,3.25,3.125,3.875,3.875,2.5,3.3249999999999997,4,1,5,0
EMP0098,财务部,高级工程师,P5,22,2.5,42300,5.0,2021-07-03,0.5548,False,,0.16960985626283367,7.9897330595482545,0.1437371663244353,0.13141683778234087,0.027414330218068536,0.14154401990698984,1.5,1.5888888888888888,3.088888888888889,5.035555555555556,0.3791346153846154,0.31169230769230766,7.918269230769231,2.75,2.625,2.125,2.25,1.75,2.3000000000000003,5,9,3,0
EMP0099,市场部,财务分析师,P7,34,5.1,70400,13.1,2018-11-27,0.1979,False,,0.12854209445585216,8.013347022587268,0.08829568788501027,0.053388090349075976,0.0778816199376947,0.0820651582899947,9.8,2.511111111111111,12.311111111111112,2.5677777777777777,0.6499230769230769,0.6545288461538461,6.742307692307692,3.375,3.375,4.125,2.75,2.875,3.3,4,6,5,0
EMP0100,产品部,HR专员,M1,29,3.7,42900,9.9,2020-04-21,0.2216,False,,0.1404517453798768,7.998767967145791,0.10882956878850103,0.049281314168377825,0.05794392523364486,0.10419405476980945,7.333333333333333,4.377777777777778,11.71111111111111,2.8844444444444446,0.6376153846153846,0.7154230769230769,6.8442307692307685,3.375,3.5,3.125,2.875,3.0,3.175,0,0,0,0
EMP0101,产品部,高级工程师,P4,32,2.8,80900,2.5,2021-03-16,0.4483,True,2024-04-21,0.20082135523613961,8.05605749486653,0.10882956878850103,0.10472279260780287,0.011838006230529595,0.10788252829005866,2.4444444444444446,0.5666666666666667,3.011111111111111,4.053333333333334,0.5055865384615384,0.5710576923076923,7.711538461538462,2.75,2.5,2.625,2.0,2.25,2.425,0,9,2,1
EMP0102,销售部,产品经理,P5,39,7.0,33600,5.2,2017-01-02,0.4719,True,2024-12-12,0.140041067761807,7.944763860369609,0.162217659137577,0.12525667351129363,0.028660436137071654,0.15992482424661125,1.7555555555555555,3.6777777777777776,5.433333333333334,4.823333333333333,0.5060673076923077,0.5758557692307693,7.709615384615384,2.375,2.25,2.125,2.125,2.625,2.3,6,2,3,1
EMP0103,工程部,市场专员,P5,33,0.5,47400,34.1,2023-07-03,0.4352,True,2025-12-02,0.1570841889117043,7.971252566735113,0.13963039014373715,0.0944558521560575,0.20872274143302183,0.12293257082909541,4.788888888888889,1.0888888888888888,5.877777777777778,4.387777777777777,0.4974807692307692,0.5282788461538461,7.568269230769231,2.75,2.875,3.0,2.125,2.375,2.625,3,5,3,1
EMP0104,工程部,市场专员,P6,31,7.5,36700,20.9,2016-07-04,0.2111,False,,0.1706365503080082,8.025051334702258,0.11498973305954825,0.06981519507186858,0.1264797507788162,0.10487135299724296,4.666666666666667,3.3222222222222224,7.988888888888889,3.022222222222222,0.6575480769230769,0.6993846153846154,6.701923076923077,3.375,3.375,3.5,3.5,2.625,3.275,3,5,4,0
EMP0105,市场部,初级工程师,P4,35,8.6,28600,4.7,2015-05-29,0.4816,False,,0.19096509240246407,8.042505133470225,0.12525667351129363,0.11704312114989733,0.025545171339563865,0.12321305980412853,5.8,0.4222222222222222,6.222222222222222,4.935555555555555,0.475625,0.47275000000000006,7.742307692307692,2.625,3.0,2.625,2.25,2.25,2.55,4,3,2,0
EMP0106,工程部,产品经理,P7,25,2.3,167000,5.3,2021-09-14,0.2172,False,,0.22053388090349077,8.124024640657085,0.08213552361396304,0.057494866529774126,0.029283489096573207,0.07979284448623718,4.033333333333333,5.611111111111111,9.644444444444444,2.7644444444444445,0.6589326923076922,0.7118365384615385,6.750961538461539,3.375,3.25,3.0,2.625,2.875,3.025,3,2,5,0
EMP0107,客服部,初级工程师,M1,24,0.7,98700,10.9,2023-04-21,0.3651,False,,0.18501026694045172,8.018685831622177,0.13141683778234087,0.08829568788501027,0.06417445482866044,0.12628288139604804,7.766666666666667,2.7222222222222223,10.488888888888889,4.1211111111111105,0.5627115384615384,0.6701730769230768,7.244230769230769,3.375,2.625,2.875,2.25,2.625,2.75,2,3,0,0
EMP0108,人力资源部,产品经理,M2,28,2.9,49700,15.1,2021-02-07,0.0603,False,,0.1737166324435318,8.085626283367557,0.07597535934291581,0.01642710472279261,0.09034267912772585,0.06874794501269775,10.377777777777778,5.7444444444444445,16.122222222222224,1.8177777777777777,0.7245,0.6845865384615385,6.065384615384615,4.0,3.25,3.125,3.5,3.125,3.4000000000000004,1,2,1,0
EMP0109,客服部,市场专员,P6,29,3.3,69500,10.8,2020-09-14,0.4025,False,,0.1671457905544148,8.015400410677618,0.12525667351129363,0.10061601642710473,0.06355140186915888,0.12017256136176092,3.088888888888889,1.788888888888889,4.877777777777778,3.8377777777777777,0.5524711538461539,0.6417115384615385,7.642307692307692,2.375,3.0,3.125,2.875,2.375,2.75,2,5,4,0
EMP0110,工程部,市场专员,M2,28,4.0,37900,16.8,2020-01-02,0.302,False,,0.16324435318275154,8.04394250513347,0.10061601642710473,0.08418891170431211,0.10093457943925234,0.09254125007196454,9.5,0.6333333333333333,10.133333333333333,3.533333333333333,0.5795673076923077,0.6436346153846154,6.979807692307692,2.875,2.75,2.875,3.0,2.875,2.875,3,5,1,0
EMP0111,产品部,HR专员,P5,38,3.2,47600,11.7,2020-10-20,0.3837,False,,0.21827515400410677,8.005749486652977,0.16632443531827515,0.07392197125256673,0.0691588785046729,0.16079172503790132,3.488888888888889,2.7777777777777777,6.266666666666667,4.028888888888889,0.5486538461538462,0.6303461538461538,7.523076923076923,2.375,2.875,3.125,2.75,2.25,2.6750000000000003,0,0,3,0
EMP0112,客服部,产品经理,P5,39,2.7,74900,40.1,2021-04-21,0.3324,False,,0.21560574948665298,8.07535934291581,0.11293634496919917,0.057494866529774126,0.24610591900311526,0.09324787144894996,1.2555555555555555,1.2333333333333334,2.488888888888889,3.4877777777777776,0.6110576923076922,0.6973846153846155,7.0807692307692305,2.625,3.5,2.5,2.875,2.5,2.8,2,2,3,0
EMP0113,客服部,产品经理,P7,34,3.6,46100,5.0,2020-05-27,0.2729,False,,0.2104722792607803,8.08952772073922,0.09856262833675565,0.09650924024640657,0.027414330218068536,0.09636948191931016,7.211111111111111,3.5,10.71111111111111,3.532222222222222,0.6405,0.724798076923077,7.0932692307692315,2.875,3.375,3.375,3.375,2.5,3.1,2,2,5,0
EMP0114,财务部,HR专员,M1,31,2.3,141100,3.5,2021-09-14,0.3332,False,,0.18542094455852157,8.027515400410678,0.1273100616016427,0.06776180698151951,0.01806853582554517,0.1258645787355991,7.3,2.5555555555555554,9.855555555555556,3.3244444444444445,0.5147019230769231,0.4726826923076923,7.275961538461539,2.875,3.125,2.5,3.125,3.125,2.95,5,0,0,0
EMP0115,市场部,市场专员,P4,32,4.9,94100,5.9,2019-02-08,0.4061,True,2024-03-29,0.21252566735112938,8.038398357289527,0.1437371663244353,0.06570841889117043,0.03302180685358255,0.1410954217761487,1.6,1.3222222222222222,2.922222222222222,3.466666666666667,0.5245384615384615,0.5864519230769231,7.502884615384615,2.875,2.75,2.5,2.75,2.0,2.575,4,5,2,1
EMP0116,销售部,高级工程师,P6,22,3.5,133300,17.5,2020-07-03,0.5196,True,2024-03-30,0.1813141683778234,7.9572895277207385,0.1806981519507187,0.10677618069815195,0.10529595015576323,0.17227447593825765,4.977777777777778,0.9333333333333333,5.911111111111111,5.135555555555555,0.45792307692307693,0.5444038461538462,7.757692307692308,2.375,2.25,2.625,1.875,2.25,2.275,6,9,4,1
EMP0117,产品部,初级工程师,M1,28,1.9,49200,12.2,2022-02-07,0.1238,False,,0.2141683778234086,8.138603696098563,0.057494866529774126,0.039014373716632446,0.07227414330218068,0.05171293506559967,7.4,2.511111111111111,9.911111111111111,2.41,0.7072403846153846,0.755625,6.314423076923077,3.875,3.375,4.0,3.25,2.875,3.475,0,3,0,0
EMP0118,产品部,中级工程师,M1,31,1.0,95700,6.5,2023-01-01,0.2341,False,,0.16119096509240247,8.028336755646817,0.10472279260780287,0.08008213552361396,0.0367601246105919,0.10178198263895552,8.355555555555556,6.377777777777778,14.733333333333333,3.1666666666666665,0.6301153846153846,0.6882211538461539,6.93076923076923,3.25,3.625,3.125,3.375,2.75,3.225,0,1,0,0
EMP0119,市场部,产品经理,P4,22,1.6,119000,25.3,2022-05-27,0.2112,False,,0.19527720739219712,8.03305954825462,0.12320328542094455,0.053388090349075976,0.15389408099688476,0.11089175894119377,9.38888888888889,4.177777777777778,13.566666666666666,2.8422222222222224,0.6338653846153846,0.6755384615384615,6.717307692307693,3.875,3.125,3.75,2.75,3.0,3.3,4,2,2,0
EMP0120,产品部,客服代表,M1,37,1.7,49100,12.4,2022-04-21,0.1513,False,,0.13696098562628337,8.026283367556468,0.0944558521560575,0.043121149897330596,0.0735202492211838,0.08857423221836279,4.411111111111111,3.311111111111111,7.722222222222222,2.4722222222222223,0.7118749999999999,0.757576923076923,6.2846153846153845,3.125,3.75,3.25,3.25,2.625,3.2,0,4,0,0
EMP0121,财务部,销售代表,P7,29,1.9,69800,10.4,2022-02-07,0.3651,False,,0.15564681724845994,7.984599589322382,0.13347022587268995,0.059548254620123205,0.06105919003115265,0.12858549067019773,1.4222222222222223,1.4777777777777779,2.9,3.26,0.4974230769230769,0.4162596153846154,7.065384615384615,3.25,3.0,3.5,2.75,2.375,2.975,5,7,5,0
EMP0122,销售部,中级工程师,P4,36,0.4,61100,6.7,2023-08-08,0.4426,True,2024-06-22,0.16098562628336757,7.960985626283367,0.15605749486652978,0.09650924024640657,0.03800623052959502,0.1530169964241622,7.433333333333334,0.35555555555555557,7.788888888888889,4.668888888888889,0.49264423076923075,0.5688846153846154,7.385576923076924,2.75,2.625,3.0,2.75,2.875,2.8,6,1,2,1
EMP0123,销售部,销售经理,M1,22,1.9,32300,11.1,2022-02-07,0.1385,False,,0.22238193018480493,8.127310061601642,0.07186858316221766,0.030800821355236138,0.06542056074766354,0.06663493830240458,12.822222222222223,4.711111111111111,17.533333333333335,2.368888888888889,0.7001442307692307,0.7590192307692308,6.372115384615385,3.25,3.75,3.375,2.5,3.5,3.275,6,8,0,0
EMP0124,产品部,销售经理,P5,35,9.1,39300,9.2,2014-11-28,0.225,False,,0.13675564681724844,8.0217659137577,0.09650924024640657,0.07186858316221766,0.05358255451713395,0.09222263588503586,9.8,6.444444444444445,16.244444444444444,3.356666666666667,0.6349807692307692,0.7032692307692308,6.8076923076923075,3.625,3.875,3.125,3.125,2.75,3.3,0,8,3,0
EMP0125,客服部,HR专员,P5,33,1.5,64400,8.4,2022-07-03,0.3399,False,,0.22464065708418893,8.071457905544149,0.12320328542094455,0.0944558521560575,0.048598130841121495,0.11931543495365483,10.544444444444444,3.2888888888888888,13.833333333333334,4.241111111111111,0.5687788461538461,0.6612115384615385,7.366346153846154,3.625,2.375,3.5,2.625,2.625,2.95,2,0,3,0
EMP0126,工程部,初级工程师,M2,41,0.6,37900,16.5,2023-05-27,0.2384,False,,0.1706365503080082,8.050513347022587,0.0944558521560575,0.055441478439425054,0.09906542056074766,0.08653061851119768,8.377777777777778,4.277777777777778,12.655555555555555,3.013333333333333,0.6212211538461538,0.6763173076923077,6.975961538461538,3.25,3.25,3.375,3.25,3.125,3.25,3,3,1,0
EMP0127,财务部,市场专员,M2,34,6.8,85900,6.6,2017-03-16,0.1591,False,,0.18234086242299793,8.070841889117043,0.08624229979466119,0.03696098562628337,0.03738317757009345,0.08325164558905372,6.211111111111111,5.477777777777778,11.688888888888888,2.2222222222222223,0.6212307692307693,0.5532019230769231,6.4586538461538465,3.375,3.625,3.5,3.5,3.125,3.425,5,5,1,0
EMP0128,产品部,市场专员,P4,38,2.7,33400,1.5,2021-04-21,0.3314,False,,0.1439425051334702,7.99958932238193,0.10882956878850103,0.059548254620123205,0.005607476635514018,0.1083809706576599,4.711111111111111,3.566666666666667,8.277777777777779,3.311111111111111,0.584701923076923,0.6428365384615385,7.240384615384615,2.75,3.375,3.25,2.5,2.375,2.85,0,5,2,0
EMP0129,产品部,客服代表,P6,45,2.6,92600,25.2,2021-05-27,0.2121,False,,0.15318275154004105,7.98952772073922,0.12114989733059549,0.06365503080082136,0.15327102803738318,0.10888821508760484,9.344444444444445,3.2666666666666666,12.61111111111111,2.6933333333333334,0.6531346153846154,0.7191346153846154,6.604807692307692,3.375,3.25,2.75,3.25,3.0,3.125,0,4,4,0
EMP0130,人力资源部,销售代表,P5,31,2.2,56400,2.0,2021-10-20,0.5058,True,2024-03-26,0.2032854209445585,8.017248459958932,0.15605749486652978,0.11088295687885011,0.008722741433021807,0.15535967555188804,8.78888888888889,3.422222222222222,12.21111111111111,4.9944444444444445,0.4157884615384615,0.46447115384615384,7.963461538461539,2.625,2.625,2.375,2.0,2.125,2.35,1,7,3,1
EMP0131,市场部,销售代表,P6,30,6.8,70000,4.0,2017-03-16,0.2829,False,,0.15010266940451744,7.991991786447638,0.11293634496919917,0.08008213552361396,0.02118380062305296,0.11124164091935494,7.488888888888889,2.566666666666667,10.055555555555555,3.1766666666666663,0.5961057692307692,0.6391634615384615,7.008653846153846,3.125,3.5,2.75,3.0,2.625,3.0,4,7,4,0
EMP0132,客服部,初级工程师,P5,26,2.7,40300,15.7,2021-04-21,0.3345,False,,0.1887063655030801,8.036960985626283,0.12114989733059549,0.09856262833675565,0.09408099688473519,0.11362341757981667,6.7444444444444445,2.522222222222222,9.266666666666667,3.6055555555555556,0.5913846153846154,0.677,7.158653846153846,3.375,3.125,2.875,3.125,2.125,2.925,2,3,3,0
EMP0133,销售部,HR专员,M1,28,4.2,41800,3.8,2019-10-21,0.3105,False,,0.19096509240246407,8.067761806981519,0.1026694045174538,0.07802874743326489,0.01993769470404984,0.1010743889411298,1.7,3.888888888888889,5.588888888888889,3.03,0.60075,0.664673076923077,7.121153846153846,3.0,3.125,3.125,2.625,2.625,2.9,6,0,0,0
EMP0134,财务部,HR专员,M2,22,4.6,53400,10.2,2019-05-29,0.4473,True,2025-12-01,0.20308008213552362,8.075154004106777,0.11498973305954825,0.11088295687885011,0.05981308411214953,0.11020468633057628,1.3,4.7444444444444445,6.044444444444444,4.248888888888889,0.4371346153846154,0.3631634615384615,7.5307692307692315,2.5,3.0,2.75,2.375,2.625,2.65,5,0,1,1
EMP0135,工程部,客服代表,P6,27,4.6,85600,31.7,2019-05-29,0.2428,False,,0.19938398357289527,8.05318275154004,0.10882956878850103,0.06981519507186858,0.19376947040498443,0.09332801115610227,7.644444444444445,1.9333333333333333,9.577777777777778,3.031111111111111,0.6327692307692309,0.6727692307692308,6.815384615384615,3.125,3.125,3.125,3.375,2.625,3.075,3,4,4,0
EMP0136,客服部,高级工程师,P6,44,5.4,160700,1.6,2018-08-09,0.3672,False,,0.16570841889117044,7.981724845995893,0.14168377823408623,0.08829568788501027,0.006230529595015577,0.141185335866485,3.477777777777778,0.5222222222222223,4.0,3.632222222222222,0.5896923076923077,0.6901826923076922,7.410576923076923,2.5,3.25,2.875,3.0,2.375,2.8,2,9,4,0
EMP0137,市场部,客服代表,P4,40,2.0,30500,3.9,2022-01-01,0.3986,False,,0.19096509240246407,8.024229979466119,0.1375770020533881,0.08213552361396304,0.020560747663551402,0.135932142240304,5.5777777777777775,1.511111111111111,7.088888888888889,4.174444444444444,0.5138461538461538,0.5646442307692308,7.425961538461538,2.75,3.25,2.5,2.5,2.125,2.625,4,4,2,0
EMP0138,人力资源部,初级工程师,P7,38,3.5,31300,11.6,2020-07-03,0.2069,False,,0.20308008213552362,8.084188911704311,0.0944558521560575,0.039014373716632446,0.06853582554517133,0.08897298611244378,6.8,1.8666666666666667,8.666666666666666,2.631111111111111,0.63425,0.6368269230769231,6.721153846153846,3.5,3.5,3.5,3.0,2.75,3.25,1,3,5,0
EMP0139,工程部,中级工程师,P7,28,2.2,79300,9.6,2021-10-20,0.4293,False,,0.14455852156057497,7.991375770020534,0.1293634496919918,0.09240246406570841,0.05607476635514018,0.12487746838358058,2.411111111111111,5.277777777777778,7.688888888888889,4.606666666666667,0.5050961538461538,0.5481634615384615,7.5413461538461535,2.75,2.875,2.875,2.375,1.875,2.55,3,1,5,0
EMP0140,客服部,中级工程师,M2,24,2.3,53900,29.4,2021-09-14,0.4364,False,,0.17268993839835728,7.96694045174538,0.162217659137577,0.1026694045174538,0.17943925233644858,0.1478625189506611,1.3444444444444446,1.5888888888888888,2.933333333333333,4.238888888888889,0.5343076923076923,0.6344807692307692,7.576923076923077,3.0,2.875,2.75,2.125,2.375,2.625,2,1,1,0
EMP0141,客服部,产品经理,P5,31,3.8,41700,21.1,2020-03-15,0.304,False,,0.15215605749486652,8.012320328542094,0.11704312114989733,0.07802874743326489,0.12772585669781933,0.10682505261407178,11.455555555555556,1.0666666666666667,12.522222222222222,3.511111111111111,0.5998846153846153,0.7012307692307692,7.059615384615385,2.75,3.5,3.25,2.625,2.625,2.95,2,2,3,0
EMP0142,人力资源部,高级工程师,P4,28,1.0,66800,10.4,2023-01-01,0.5111,True,2024-03-31,0.14907597535934294,7.944763860369609,0.1704312114989733,0.0944558521560575,0.06105919003115265,0.1655464762964811,3.2666666666666666,1.0555555555555556,4.322222222222222,5.69,0.42409615384615384,0.3935961538461538,7.941346153846154,2.125,2.75,2.875,2.0,2.25,2.4,1,9,2,1
EMP0143,人力资源部,高级工程师,P5,32,1.3,32400,2.9,2022-09-14,0.5084,True,2024-06-09,0.1408624229979466,7.962422997946612,0.13552361396303902,0.12320328542094455,0.014330218068535825,0.13437719651755617,3.8444444444444446,2.6555555555555554,6.5,4.487777777777778,0.4175384615384615,0.4016153846153846,7.725,2.125,2.625,3.0,2.375,2.25,2.475,1,9,3,1
EMP0144,销售部,销售经理,P5,37,2.0,60600,7.9,2022-01-01,0.3781,False,,0.17166324435318275,8.01129363449692,0.13141683778234087,0.07802874743326489,0.04548286604361371,0.12777820849885177,4.677777777777778,2.4,7.0777777777777775,3.954444444444444,0.5618942307692307,0.641326923076923,7.449038461538462,2.875,2.75,2.5,2.5,2.5,2.625,6,8,3,0
EMP0145,工程部,销售代表,P6,35,0.8,39600,21.1,2023-03-15,0.3428,False,,0.14435318275154005,7.998562628336756,0.11909650924024641,0.09240246406570841,0.12772585669781933,0.10887844070442086,8.866666666666667,5.733333333333333,14.6,3.7144444444444447,0.5504807692307693,0.6005673076923077,7.325961538461538,3.0,3.125,3.375,2.5,2.5,2.9,3,7,4,0
EMP0146,产品部,高级工程师,P7,25,6.0,67600,4.9,2018-01-02,0.2585,False,,0.14763860369609857,7.9741273100616015,0.13141683778234087,0.06776180698151951,0.02679127725856698,0.1292735356016555,6.866666666666666,3.0,9.866666666666667,3.2855555555555553,0.6209903846153846,0.6846634615384615,6.862500000000001,3.375,3.375,3.875,3.5,2.625,3.35,0,9,5,0
EMP0147,财务部,中级工程师,P7,37,0.7,61200,11.3,2023-04-21,0.3702,False,,0.1868583162217659,8.007802874743327,0.13141683778234087,0.08624229979466119,0.06666666666666667,0.12608350444900754,8.255555555555556,0.5555555555555556,8.811111111111112,3.565555555555555,0.4710096153846154,0.4140288461538461,7.301923076923076,2.625,3.125,2.625,2.375,2.625,2.675,5,1,5,0
EMP0148,销售部,市场专员,M1,32,1.4,54600,18.5,2022-08-09,0.1592,False,,0.23942505133470224,8.102053388090349,0.10677618069815195,0.030800821355236138,0.11152647975077881,0.09785406231808964,8.277777777777779,7.0,15.277777777777779,2.7399999999999998,0.6941057692307692,0.753125,6.500961538461539,3.5,3.25,3.25,2.625,3.0,3.125,6,5,0,0
EMP0149,客服部,财务分析师,P4,23,1.7,45100,14.6,2022-04-21,0.499,False,,0.17926078028747433,8.007392197125256,0.14784394250513347,0.13141683778234087,0.08722741433021806,0.140865749358716,7.511111111111111,1.5888888888888888,9.1,5.124444444444444,0.4854134615384616,0.5833076923076923,7.851923076923077,2.25,2.875,2.375,2.125,2.125,2.35,2,6,2,0
EMP0150,工程部,销售代表,P7,37,2.2,33100,3.2,2021-10-20,0.3507,False,,0.26344969199178647,8.120739219712526,0.11088295687885011,0.09034907597535935,0.0161993769470405,0.10958700672308687,5.288888888888889,6.655555555555556,11.944444444444445,3.727777777777778,0.5529519230769231,0.6166153846153846,7.315384615384615,2.875,3.125,2.625,2.625,3.0,2.85,3,7,5,0
EMP0151,人力资源部,市场专员,M2,30,0.8,70800,6.8,2023-03-15,0.3756,False,,0.18521560574948667,8.067556468172485,0.10061601642710473,0.08008213552361396,0.03862928348909657,0.09752567374797701,3.3555555555555556,2.611111111111111,5.966666666666667,3.433333333333333,0.5179711538461539,0.5088942307692308,7.451923076923077,3.0,2.875,2.5,2.75,2.125,2.65,1,5,1,0
EMP0152,财务部,客服代表,P5,34,1.3,37100,10.3,2022-09-14,0.5368,False,,0.1895277207392197,8.030800821355236,0.1293634496919918,0.0944558521560575,0.06043613707165109,0.1245285587262597,4.855555555555555,2.7,7.555555555555555,5.822222222222222,0.3560576923076923,0.32691346153846157,7.832692307692308,2.375,2.75,2.375,1.875,2.125,2.3,5,4,3,0
EMP0153,财务部,销售经理,M1,27,2.0,50100,3.6,2022-01-01,0.1444,False,,0.18501026694045172,8.096509240246407,0.06776180698151951,0.03490759753593429,0.018691588785046728,0.06626647987871577,9.188888888888888,4.6,13.78888888888889,2.4299999999999997,0.6090576923076922,0.5607692307692308,6.298076923076923,3.875,4.0,3.75,3.25,3.625,3.7,5,8,0,0
EMP0154,产品部,客服代表,M1,33,7.5,44700,9.6,2016-07-04,0.1638,False,,0.2020533880903491,8.136344969199179,0.053388090349075976,0.053388090349075976,0.05607476635514018,0.04890210904066476,4.222222222222222,6.688888888888889,10.911111111111111,2.718888888888889,0.6997980769230769,0.7392596153846154,6.550961538461538,3.625,3.125,2.875,2.625,3.25,3.1,0,4,0,0
EMP0155,市场部,市场专员,P4,35,2.7,60600,4.0,2021-04-21,0.459,True,2024-12-31,0.17741273100616017,8.008829568788501,0.13141683778234087,0.11498973305954825,0.02118380062305296,0.12972213373249664,2.6222222222222222,0.6333333333333333,3.2555555555555555,4.652222222222222,0.4967115384615385,0.509375,7.6875,2.875,2.75,2.625,1.875,2.125,2.45,4,5,2,1
EMP0156,财务部,财务分析师,P4,36,4.4,97800,1.1,2019-08-09,0.4818,True,2024-07-07,0.16139630390143736,8.017659137577002,0.11704312114989733,0.10882956878850103,0.0031152647975077885,0.11679389996609671,1.3555555555555556,2.966666666666667,4.322222222222222,5.258888888888889,0.4230673076923077,0.36653846153846154,7.585576923076923,2.5,3.0,2.75,2.375,2.375,2.6,5,6,2,1
EMP0157,产品部,财务分析师,P5,22,0.4,89200,4.0,2023-08-08,0.2815,False,,0.2517453798767967,8.117864476386037,0.09856262833675565,0.08418891170431211,0.02118380062305296,0.09686792428691142,4.822222222222222,2.8,7.622222222222222,3.4744444444444444,0.6262884615384615,0.6712019230769232,6.873076923076923,3.375,3.0,2.875,3.0,2.125,2.875,0,6,3,0
EMP0158,产品部,销售经理,M2,37,1.3,58600,7.0,2022-09-14,0.1016,False,,0.19096509240246407,8.102258726899384,0.07186858316221766,0.04106776180698152,0.03987538940809969,0.06867855200956968,10.677777777777777,1.0888888888888888,11.766666666666667,2.1777777777777776,0.7469807692307693,0.7848076923076923,6.3375,3.625,3.375,3.5,3.625,2.875,3.4,0,8,1,0
EMP0159,人力资源部,中级工程师,P6,31,0.4,65600,3.6,2023-08-08,0.4326,False,,0.14229979466119097,7.945995893223819,0.15811088295687886,0.08829568788501027,0.018691588785046728,0.15661555585407513,6.266666666666667,3.5555555555555554,9.822222222222223,4.34,0.4774423076923077,0.481,7.688461538461539,2.625,2.875,3.0,2.375,2.5,2.675,1,1,4,0
EMP0160,销售部,市场专员,P7,29,0.8,52400,9.4,2023-03-15,0.5179,False,,0.15626283367556468,7.974332648870637,0.14989733059548255,0.12114989733059549,0.05482866043613707,0.14551103776059157,3.311111111111111,1.788888888888889,5.1,5.272222222222222,0.46766346153846156,0.5386826923076924,7.876923076923077,2.125,2.75,2.25,2.25,2.375,2.35,6,5,5,0
EMP0161,工程部,中级工程师,M1,33,3.8,97300,6.6,2020-03-15,0.2734,False,,0.23449691991786448,8.095893223819301,0.10882956878850103,0.06365503080082136,0.03738317757009345,0.10583891458289356,8.955555555555556,1.211111111111111,10.166666666666666,3.218888888888889,0.6033846153846154,0.6731730769230769,6.8307692307692305,3.125,2.875,2.875,3.125,2.375,2.875,3,1,0,0
EMP0162,产品部,市场专员,P6,33,3.6,30100,9.6,2020-05-27,0.189,False,,0.1671457905544148,8.050924024640658,0.0944558521560575,0.045174537987679675,0.05607476635514018,0.08996987084764628,6.355555555555555,0.5555555555555556,6.911111111111111,2.5544444444444445,0.690625,0.722875,6.516346153846154,3.5,3.75,4.0,2.75,2.875,3.375,0,5,4,0
EMP0163,人力资源部,市场专员,P6,35,3.8,78000,23.3,2020-03-15,0.3408,False,,0.17268993839835728,8.01889117043121,0.13347022587268995,0.08418891170431211,0.1414330218068536,0.12215558412814166,13.3,4.7,18.0,3.4266666666666663,0.5172019230769231,0.5028076923076923,7.236538461538462,3.25,2.75,3.0,2.75,2.375,2.825,1,5,4,0
EMP0164,销售部,客服代表,P4,35,1.1,68600,9.0,2022-11-26,0.3559,False,,0.1572895277207392,8.025667351129364,0.10882956878850103,0.07802874743326489,0.052336448598130844,0.10464265290065056,1.8222222222222222,1.1111111111111112,2.933333333333333,3.3966666666666665,0.5826538461538462,0.6417115384615385,7.059615384615385,3.0,2.75,2.375,2.875,2.25,2.65,6,4,2,0
EMP0165,市场部,中级工程师,P4,26,1.5,115300,60.3,2022-07-03,0.3408,False,,0.16447638603696096,7.963860369609857,0.15811088295687886,0.08418891170431211,0.37196261682242987,0.12835387361108447,7.122222222222222,2.1333333333333333,9.255555555555556,3.9055555555555554,0.553875,0.5898557692307692,7.324999999999999,2.75,3.0,3.125,2.75,2.125,2.75,4,1,2,0
EMP0166,工程部,中级工程师,M1,23,0.7,38500,13.2,2023-04-21,0.4108,False,,0.12792607802874742,7.98952772073922,0.11498973305954825,0.09650924024640657,0.07850467289719625,0.10870935922777256,4.433333333333334,2.3555555555555556,6.788888888888889,3.888888888888889,0.5169423076923076,0.557125,7.561538461538461,2.875,3.375,3.125,2.875,2.25,2.9,3,1,0,0
EMP0167,产品部,初级工程师,P5,22,1.5,117300,4.1,2022-07-03,0.4973,False,,0.1322381930184805,7.970020533880904,0.13552361396303902,0.11293634496919917,0.021806853582554516,0.13377906567643466,1.6,0.4444444444444444,2.0444444444444443,4.697777777777778,0.47620192307692305,0.5495865384615385,7.5942307692307685,2.25,2.625,2.25,1.875,2.125,2.225,0,3,3,0
EMP0168,人力资源部,初级工程师,M1,41,2.4,133600,27.2,2021-08-08,0.2826,False,,0.1462012320328542,7.997330595482546,0.12114989733059549,0.057494866529774126,0.16573208722741434,0.10789133035240234,8.222222222222221,2.477777777777778,10.7,3.15,0.567875,0.5553269230769231,6.961538461538462,3.5,3.0,3.125,3.125,2.25,3.0,1,3,0,0
EMP0169,产品部,初级工程师,M2,28,3.3,74700,5.0,2020-09-14,0.0483,False,,0.2671457905544148,8.214168377823409,0.045174537987679675,0.01642710472279261,0.027414330218068536,0.042981391570234194,6.533333333333333,5.5,12.033333333333333,2.0677777777777777,0.771375,0.8060576923076923,5.885576923076924,3.75,4.0,3.5,2.75,3.375,3.475,0,3,1,0
EMP0170,工程部,中级工程师,P7,36,1.2,85200,10.6,2022-10-20,0.1048,False,,0.17823408624229978,8.06652977412731,0.09650924024640657,0.03285420944558522,0.062305295950155756,0.09152481657039412,10.21111111111111,4.477777777777778,14.688888888888888,2.4722222222222223,0.7245480769230769,0.7510288461538461,6.4163461538461535,3.75,4.0,3.75,3.75,2.75,3.6,3,1,5,0
EMP0171,人力资源部,HR专员,P4,26,7.8,67600,2.5,2016-03-16,0.2409,False,,0.20636550308008214,8.069609856262835,0.10882956878850103,0.043121149897330596,0.011838006230529595,0.10788252829005866,10.866666666666667,2.7333333333333334,13.6,3.1055555555555556,0.6060769230769231,0.6197692307692308,6.9028846153846155,3.25,3.25,3.25,3.125,2.625,3.1,1,0,2,0
EMP0172,市场部,初级工程师,M1,28,1.8,35600,0.8,2022-03-15,0.1161,False,,0.1868583162217659,8.08747433264887,0.07597535934291581,0.049281314168377825,0.0012461059190031158,0.07587567086939556,10.511111111111111,7.611111111111111,18.122222222222224,2.647777777777778,0.7034711538461539,0.7236923076923076,6.36826923076923,3.625,3.5,3.375,3.375,3.0,3.375,4,3,0,0
EMP0173,客服部,中级工程师,P6,40,1.7,85800,13.8,2022-04-21,0.4861,False,,0.16386036960985625,7.985831622176591,0.14989733059548255,0.12525667351129363,0.08224299065420561,0.1433178913431461,5.344444444444444,0.5777777777777777,5.9222222222222225,4.963333333333333,0.5008557692307692,0.5985769230769231,7.8798076923076925,2.5,2.5,2.875,2.125,2.25,2.45,2,1,4,0
EMP0174,工程部,销售经理,M1,26,1.0,41900,6.2,2023-01-01,0.2934,False,,0.18993839835728954,8.083367556468172,0.09650924024640657,0.0944558521560575,0.034890965732087234,0.09371796298783959,9.966666666666667,4.855555555555555,14.822222222222223,3.5244444444444443,0.5979807692307693,0.6376826923076924,7.2711538461538465,2.875,3.0,3.125,3.0,2.25,2.85,3,8,0,0
EMP0175,人力资源部,产品经理,M1,41,5.1,63000,5.0,2018-11-27,0.0408,False,,0.20739219712525667,8.129568788501027,0.06570841889117043,0.01026694045174538,0.027414330218068536,0.06351527247372495,21.266666666666666,5.433333333333334,26.7,1.9033333333333335,0.7377980769230769,0.716298076923077,5.88173076923077,4.0,3.875,3.5,3.875,3.125,3.675,1,2,0,0
EMP0176,产品部,中级工程师,P6,32,7.2,73600,6.8,2016-10-21,0.0976,False,,0.19034907597535936,8.10924024640657,0.06776180698151951,0.030800821355236138,0.03862928348909657,0.06467146430239179,12.666666666666666,2.611111111111111,15.277777777777779,2.522222222222222,0.7230961538461538,0.7911634615384616,6.274038461538462,3.875,3.375,3.5,3.5,3.125,3.475,0,1,4,0
EMP0177,工程部,初级工程师,P6,24,9.2,31400,18.8,2014-10-23,0.2331,False,,0.16447638603696096,8.04229979466119,0.09650924024640657,0.06776180698151951,0.1133956386292835,0.0874375891560639,3.611111111111111,4.066666666666666,7.677777777777778,2.6655555555555557,0.6421250000000001,0.6959711538461538,6.9067307692307685,3.5,3.0,2.875,3.25,2.625,3.05,3,3,4,0
EMP0178,工程部,财务分析师,M1,29,2.3,34200,8.9,2021-09-14,0.3311,False,,0.20225872689938398,8.073511293634498,0.1026694045174538,0.07186858316221766,0.051713395638629284,0.09853233286636345,3.7444444444444445,1.7,5.444444444444445,3.5555555555555554,0.5728173076923077,0.6385192307692308,7.176923076923076,3.125,3.375,3.25,3.0,2.125,2.975,3,6,0,0
EMP0179,财务部,中级工程师,M2,29,5.0,50000,36.9,2019-01-02,0.4787,False,,0.2160164271047228,8.036960985626283,0.1375770020533881,0.11088295687885011,0.2261682242990654,0.11948354410946287,5.544444444444444,0.6888888888888889,6.233333333333333,4.2988888888888885,0.42493269230769226,0.3888365384615385,7.413461538461538,2.5,3.375,2.75,2.0,2.25,2.575,5,1,1,0
EMP0180,产品部,客服代表,P6,28,0.7,43500,18.7,2023-04-21,0.2809,False,,0.18418891170431212,8.042915811088296,0.11293634496919917,0.055441478439425054,0.11277258566978192,0.10391453811561661,8.1,1.4555555555555555,9.555555555555555,3.563333333333333,0.6021538461538462,0.6683846153846154,7.128846153846154,3.125,3.125,3.0,2.75,2.625,2.925,0,4,4,0
EMP0181,人力资源部,产品经理,P5,30,3.8,124400,37.2,2020-03-15,0.3681,False,,0.1579055441478439,7.950102669404517,0.17864476386036962,0.09650924024640657,0.2280373831775701,0.160401773206164,10.866666666666667,3.2666666666666666,14.133333333333333,3.811111111111111,0.49841346153846156,0.475375,7.380769230769231,3.0,2.625,2.875,3.0,2.75,2.85,1,2,3,0
EMP0182,市场部,市场专员,P7,22,0.5,39500,2.5,2023-07-03,0.3837,False,,0.20431211498973306,8.067967145790554,0.10472279260780287,0.09856262833675565,0.011838006230529595,0.1037757521093605,2.2777777777777777,4.555555555555555,6.833333333333333,3.813333333333333,0.5269326923076924,0.5890192307692308,7.358653846153846,2.75,3.125,2.625,2.625,2.125,2.65,4,5,5,0
EMP0183,财务部,销售代表,P4,27,1.6,61500,14.6,2022-05-27,0.486,False,,0.20595482546201233,8.004106776180699,0.15605749486652978,0.11498973305954825,0.08722741433021806,0.14907930172011233,4.522222222222222,0.9777777777777777,5.5,4.643333333333333,0.4196153846153846,0.3567596153846154,7.5625,2.5,3.0,2.5,2.75,1.875,2.525,5,7,2,0
EMP0184,市场部,初级工程师,P6,29,0.8,50900,9.4,2023-03-15,0.3015,False,,0.16180698151950718,8.021971252566734,0.10472279260780287,0.09034907597535935,0.05482866043613707,0.10033649977291191,10.511111111111111,0.3888888888888889,10.9,3.2866666666666666,0.5758173076923077,0.6015,7.151923076923077,3.375,2.75,3.25,3.0,3.0,3.075,4,3,4,0
EMP0185,工程部,HR专员,P4,25,1.7,39100,10.4,2022-04-21,0.2602,False,,0.16036960985626283,8.047022587268994,0.10061601642710473,0.061601642710472276,0.06105919003115265,0.09573128122461252,2.8444444444444446,0.5111111111111111,3.3555555555555556,3.163333333333333,0.6292596153846154,0.6885961538461539,6.813461538461539,3.25,3.625,3.625,2.625,2.875,3.2,3,0,2,0
EMP0186,工程部,初级工程师,P4,28,9.4,36200,2.7,2014-08-10,0.1736,False,,0.20924024640657085,8.105954825462012,0.09034907597535935,0.03696098562628337,0.013084112149532711,0.08930234700339673,16.81111111111111,2.3555555555555556,19.166666666666668,2.5655555555555556,0.6677307692307692,0.7154807692307692,6.477884615384616,3.375,3.5,3.25,2.625,2.625,3.075,3,3,2,0
EMP0187,销售部,产品经理,M1,29,1.0,63200,8.1,2023-01-01,0.1721,False,,0.1591375770020534,8.058932238193018,0.08213552361396304,0.049281314168377825,0.046728971962616814,0.07839720585695369,10.577777777777778,1.8333333333333333,12.411111111111111,2.697777777777778,0.6835865384615385,0.732298076923077,6.7548076923076925,3.75,3.25,4.375,3.125,3.125,3.525,6,2,0,0
EMP0188,工程部,销售代表,P6,29,1.8,41400,13.6,2022-03-15,0.2919,False,,0.14537987679671457,8.001848049281314,0.11498973305954825,0.08418891170431211,0.08099688473520249,0.10850998228073205,2.3666666666666667,2.888888888888889,5.2555555555555555,3.0822222222222218,0.6043461538461539,0.6665480769230769,6.910576923076923,3.0,3.125,3.25,3.5,2.75,3.125,3,7,4,0
EMP0189,客服部,初级工程师,P4,29,0.6,37400,19.1,2023-05-27,0.4898,False,,0.11457905544147844,7.962628336755647,0.13141683778234087,0.10677618069815195,0.11526479750778816,0.12219565398171782,5.2,0.6444444444444445,5.844444444444444,4.972222222222222,0.48925961538461543,0.5953557692307693,7.820192307692308,2.125,2.375,2.625,2.25,2.375,2.35,2,3,2,0
EMP0190,人力资源部,高级工程师,P6,32,1.2,130000,16.8,2022-10-20,0.1304,False,,0.16632443531827515,8.079671457905544,0.06981519507186858,0.045174537987679675,0.10093457943925234,0.06174042871672839,3.1777777777777776,4.522222222222222,7.7,2.161111111111111,0.6793269230769231,0.6566442307692307,6.125,3.75,3.875,3.125,3.875,3.375,3.6,1,9,4,0
EMP0191,财务部,中级工程师,P6,34,6.2,78400,33.8,2017-10-21,0.3328,False,,0.17577002053388088,8.018275154004106,0.13141683778234087,0.06981519507186858,0.20685358255451713,0.11486855117797949,4.344444444444444,2.7555555555555555,7.1,3.732222222222222,0.5367980769230769,0.49240384615384614,7.1432692307692305,3.125,2.875,2.875,3.0,2.75,2.925,5,1,4,0
EMP0192,产品部,初级工程师,P6,28,3.7,57700,6.2,2020-04-21,0.2397,False,,0.18850102669404517,8.073100616016427,0.08418891170431211,0.06365503080082136,0.034890965732087234,0.08139763444574513,4.333333333333333,5.4,9.733333333333333,3.217777777777778,0.6363269230769231,0.681875,6.8932692307692305,3.875,3.125,3.0,3.5,2.875,3.275,0,3,4,0
EMP0193,工程部,销售经理,M1,30,8.5,41200,17.6,2015-07-05,0.1042,False,,0.16324435318275154,8.074332648870636,0.06981519507186858,0.03696098562628337,0.1059190031152648,0.06134167482264739,15.633333333333333,4.655555555555556,20.288888888888888,2.413333333333333,0.7155288461538463,0.752201923076923,6.5317307692307685,4.25,3.75,3.625,3.25,3.0,3.575,3,8,0,0
EMP0194,产品部,销售代表,M1,31,0.4,54900,1.9,2023-08-08,0.374,False,,0.13921971252566734,7.993018480492813,0.11909650924024641,0.09240246406570841,0.008099688473520248,0.11844853416236478,1.7333333333333334,4.6,6.333333333333333,3.4155555555555552,0.5580865384615384,0.6235769230769231,7.428846153846154,2.75,2.875,2.875,2.75,2.875,2.825,0,7,0,0
EMP0195,人力资源部,财务分析师,P5,41,3.1,85900,8.8,2020-11-26,0.4598,False,,0.2190965092402464,8.024435318275154,0.14168377823408623,0.08624229979466119,0.05109034267912772,0.13759655081975602,5.777777777777778,2.566666666666667,8.344444444444445,5.0744444444444445,0.44025000000000003,0.4647980769230769,7.75673076923077,2.75,2.75,2.125,3.0,2.375,2.6,1,6,3,0
EMP0196,产品部,中级工程师,M1,27,4.8,60700,3.5,2019-03-16,0.2566,False,,0.1868583162217659,8.094250513347022,0.08008213552361396,0.07597535934291581,0.01806853582554517,0.07863665265757035,6.488888888888889,1.711111111111111,8.2,3.2444444444444445,0.6299423076923076,0.690701923076923,6.9586538461538465,3.125,3.125,3.0,2.75,2.875,2.975,0,1,0,0
EMP0197,工程部,财务分析师,M1,35,3.3,38200,6.8,2020-09-14,0.1737,False,,0.2051334702258727,8.095277207392197,0.08418891170431211,0.07597535934291581,0.03862928348909657,0.08109856902518439,11.477777777777778,5.288888888888889,16.766666666666666,2.6922222222222225,0.6730576923076923,0.7255288461538462,6.570192307692308,3.625,3.25,3.25,3.0,2.875,3.2,3,6,0,0
EMP0198,产品部,销售经理,P4,25,2.1,81900,6.1,2021-11-26,0.2194,False,,0.13593429158110884,8.007597535934291,0.10061601642710473,0.08213552361396304,0.034267912772585674,0.09787458340529788,8.044444444444444,2.2888888888888888,10.333333333333334,2.836666666666667,0.6626057692307692,0.7182115384615385,6.63173076923077,3.375,2.875,3.0,3.0,3.125,3.075,0,8,2,0
EMP0199,客服部,产品经理,P4,32,1.1,86100,6.2,2022-11-26,0.4752,False,,0.16960985626283367,8.01416837782341,0.12320328542094455,0.13552361396303902,0.034890965732087234,0.12041200816237757,5.344444444444444,0.9444444444444444,6.288888888888889,4.837777777777778,0.49882692307692306,0.61025,7.877884615384615,3.0,2.625,2.125,2.5,2.5,2.55,2,2,2,0
EMP0200,工程部,高级工程师,P6,34,1.1,36500,7.9,2022-11-26,0.0915,False,,0.1675564681724846,8.09876796714579,0.055441478439425054,0.03285420944558522,0.04548286604361371,0.05180284915593596,5.766666666666667,0.8222222222222222,6.588888888888889,2.0811111111111114,0.7489423076923077,0.7762788461538462,6.213461538461539,4.0,3.5,4.0,3.75,3.125,3.675,3,9,4,0
