customer_id,age,gender,segment,channel,region,loyalty_tendency,price_sensitivity,promotion_responsiveness
CUST_000000,56,Female,High Net Worth,Online,East,0.40725847818088706,0.33114245140114085,0.6374857286192506
CUST_000001,69,Male,Senior,Online,North,0.7031745516033406,0.9200092164552484,0.9399142854532827
CUST_000002,46,Female,Senior,Store,Central,0.5203374445674649,0.29655499919735395,0.4733691945728094
CUST_000003,32,Male,High Net Worth,Store,East,0.17209251620965302,0.3739237947029612,0.6660063226994886
CUST_000004,60,Male,Student,Online,East,0.2904109832941283,0.15999889561214004,0.44532330716044344
CUST_000005,25,Female,Young Professional,Hybrid,North,0.557115456904987,0.3618485575991256,0.9097812125447142
CUST_000006,38,Female,Senior,Online,Central,0.5037657512462608,0.611205739202266,0.5277620876934614
CUST_000007,56,Female,Senior,Store,West,0.39194828305873863,0.7867572177039411,0.6115696216618407
CUST_000008,36,Female,Family,Store,Central,0.5129189862442906,0.5721340816288807,0.713013181780703
CUST_000009,40,Other,Student,Hybrid,South,0.324469764121065,0.08104673210248536,0.6827144177751686
CUST_000010,28,Female,High Net Worth,Store,West,0.26888486768721137,0.1608901791556643,0.3980636786563229
CUST_000011,28,Male,High Net Worth,Hybrid,East,0.5765737251334517,0.08580144442577511,0.6513919545010991
CUST_000012,41,Female,Family,Online,West,0.016698860364880535,0.2001088105028608,0.20218396004869815
CUST_000013,70,Male,Young Professional,Hybrid,East,0.3684777589251536,0.23300817341082714,0.8720640383177507
CUST_000014,53,Male,High Net Worth,Online,East,0.5417050420062127,0.22283223328420015,0.9496882038282237
CUST_000015,57,Male,Student,Hybrid,West,0.8401386759350017,0.5060840384894199,0.5664026693632754
CUST_000016,41,Male,Young Professional,Store,East,0.45685339722281393,0.15443717689204847,0.8844273660019865
CUST_000017,20,Other,High Net Worth,Hybrid,East,0.8490969581800873,0.5126679312485971,0.8236242558333113
CUST_000018,39,Female,High Net Worth,Store,South,0.28949014022412883,0.5617648916587262,0.6765382013568658
CUST_000019,70,Female,Family,Store,Central,0.6819118597889053,0.31393341666372326,0.7889693180897402
CUST_000020,19,Male,Senior,Store,Central,0.4679785330082866,0.6737266736646161,0.2691122450512037
CUST_000021,41,Male,Family,Store,South,0.2374291344783716,0.5714781949326763,0.4370767742562544
CUST_000022,61,Male,Young Professional,Online,West,0.32397085931827824,0.2329633068365972,0.7546955489599789
CUST_000023,47,Male,Family,Online,North,0.6917594436451487,0.45575844372043905,0.2767649463492652
CUST_000024,55,Female,Student,Online,North,0.6723896048474984,0.29795606102927125,0.44036894767673557
CUST_000025,19,Female,Young Professional,Online,North,0.7070298950457968,0.5676999624743375,0.45394211704633414
CUST_000026,38,Female,Family,Hybrid,South,0.45756507965753934,0.5311186411322782,0.7644012115381643
CUST_000027,50,Male,Family,Online,South,0.3748987120830798,0.4820242973820013,0.8028848164506335
CUST_000028,29,Female,Family,Hybrid,East,0.6033002883680049,0.12649685666273983,0.7606711337171326
CUST_000029,39,Female,High Net Worth,Online,North,0.1398130599924416,0.2526083905536553,0.16249099667821862
CUST_000030,61,Female,Family,Online,West,0.45949389393491713,0.23260239006317812,0.5577552489794906
CUST_000031,42,Female,Family,Hybrid,West,0.4510847174833744,0.07160488626408137,0.5801857388729785
CUST_000032,66,Male,Student,Store,North,0.47703610287440623,0.14824473343112965,0.9515043622424871
CUST_000033,44,Male,Family,Store,North,0.6095701512369505,0.17367247078030398,0.6728971749557214
CUST_000034,59,Male,Young Professional,Store,North,0.24362263685686988,0.3120180046893607,0.7004744921476913
CUST_000035,45,Female,Family,Store,South,0.8692913414666031,0.5446957759720279,0.5699004462775896
CUST_000036,33,Male,Young Professional,Online,South,0.7400826456264682,0.2559203188872047,0.8498931236815195
CUST_000037,32,Male,Young Professional,Hybrid,South,0.5881414387471137,0.34455929640916183,0.7337519140860875
CUST_000038,64,Male,Family,Hybrid,Central,0.148778862217125,0.29442284543558056,0.5963498527799029
CUST_000039,68,Male,Family,Store,West,0.7542935593581711,0.3585542446043856,0.7423159258704851
CUST_000040,61,Female,High Net Worth,Online,West,0.3371255089771354,0.36640423819315304,0.6730001545657577
CUST_000041,72,Female,Family,Store,East,0.9277895561654708,0.6516835140245575,0.8882778190723417
CUST_000042,69,Male,Senior,Online,South,0.3416033388191895,0.3072400530163768,0.7671259721057853
CUST_000043,74,Male,Senior,Online,Central,0.3102699410713611,0.6393893411569495,0.4690052748751427
CUST_000044,20,Female,Young Professional,Online,Central,0.48774968280532194,0.3799468093894144,0.755281515317018
CUST_000045,54,Male,Senior,Store,West,0.2667589679643618,0.35275970191007616,0.48118550241230107
CUST_000046,68,Male,Young Professional,Hybrid,South,0.551182229346772,0.8127859171318603,0.5639038656297772
CUST_000047,24,Male,High Net Worth,Store,East,0.47897749265144185,0.6609433328257592,0.8134928131693722
CUST_000048,38,Male,Young Professional,Store,South,0.5185437625175989,0.06816203889879317,0.68663818134698
CUST_000049,26,Female,Family,Store,North,0.47657578119874067,0.44460929630220347,0.5528244965445773
CUST_000050,56,Female,Young Professional,Online,South,0.6318662028196513,0.16219689800660922,0.3833431132159792
CUST_000051,35,Male,High Net Worth,Online,North,0.45360513839368843,0.41821783843593185,0.6732937851212552
CUST_000052,21,Male,Family,Hybrid,North,0.8075014712540832,0.2174875572112766,0.5073092946054317
CUST_000053,42,Female,Senior,Online,East,0.4136794422422366,0.4299711420598287,0.5703471148394912
CUST_000054,31,Female,Young Professional,Hybrid,West,0.7402112102984061,0.8054174150123428,0.8734479328266022
CUST_000055,67,Female,Student,Store,South,0.8351209131140997,0.5118219363462427,0.32476041603874645
CUST_000056,26,Female,Young Professional,Store,North,0.3193132424814279,0.287307498566976,0.47613372995698044
CUST_000057,43,Male,High Net Worth,Store,South,0.17313559973184353,0.2887076248477267,0.8628355821630626
CUST_000058,70,Male,Young Professional,Store,West,0.8336399060625599,0.6536705271303919,0.4762078400569624
CUST_000059,19,Female,Young Professional,Hybrid,West,0.4320268908172819,0.5142701715046041,0.38504639312389866
CUST_000060,37,Male,Young Professional,Hybrid,Central,0.5280741854585487,0.6844425924935569,0.4993308458394682
CUST_000061,45,Female,Family,Store,West,0.3172685925558851,0.5046507994145912,0.8215543786924372
CUST_000062,64,Female,Senior,Online,East,0.3590160335523363,0.39881523238357147,0.6356793291395235
CUST_000063,24,Female,Young Professional,Store,North,0.8597940534704225,0.5550105353963177,0.47102014358679223
CUST_000064,61,Male,Student,Hybrid,Central,0.793655766710111,0.8217040041484396,0.6792122789504154
CUST_000065,25,Female,Family,Online,East,0.546806940064163,0.3908047034068518,0.8496764724437657
CUST_000066,64,Male,Family,Store,South,0.4475445548012922,0.26775149985769525,0.528957370680296
CUST_000067,52,Female,Family,Store,North,0.6500262334725758,0.26136880092009346,0.4221528830516985
CUST_000068,31,Female,Family,Store,West,0.3664928081101798,0.5152753040039416,0.7177146259186492
CUST_000069,34,Male,Senior,Online,North,0.5750792035297724,0.3073364888989973,0.5504910113697399
CUST_000070,53,Other,Young Professional,Store,South,0.2753640394760647,0.34726193140439743,0.4171154958067052
CUST_000071,67,Female,Young Professional,Hybrid,Central,0.24366914737766873,0.6659228328142714,0.46943256376077114
CUST_000072,57,Male,High Net Worth,Online,Central,0.5712177558932243,0.18761233801631624,0.4308473844420854
CUST_000073,21,Male,High Net Worth,Online,Central,0.5348188517183244,0.3839378261435945,0.7262193087822094
CUST_000074,19,Male,Family,Hybrid,West,0.5074373970854665,0.6630114927229053,0.6522329666120112
CUST_000075,23,Male,Family,Online,East,0.38429812656608053,0.4622734163992015,0.8921161807915653
CUST_000076,71,Male,Senior,Hybrid,East,0.6252211123001634,0.4226397448768634,0.8095981714171812
CUST_000077,59,Female,Family,Store,North,0.3921763954155282,0.5431273462513025,0.41476098459674715
CUST_000078,21,Male,Young Professional,Online,West,0.10205755417124854,0.4193538422289719,0.3483568325148787
CUST_000079,71,Male,Young Professional,Hybrid,Central,0.45541999221701485,0.33304985184388985,0.3646620470988605
CUST_000080,46,Female,Student,Store,Central,0.27871743778459457,0.0744987882994721,0.5200230335966181
CUST_000081,35,Male,Senior,Store,South,0.6761654491525263,0.5529455067776378,0.7997507028436294
CUST_000082,43,Female,Young Professional,Online,South,0.8337762570742994,0.12683504453818428,0.9368245841442547
CUST_000083,61,Male,Young Professional,Store,Central,0.8947707190912407,0.550981420302003,0.6446800428013839
CUST_000084,51,Male,Young Professional,Online,Central,0.4952437024937919,0.07172695124811075,0.4065527182457684
CUST_000085,27,Female,Senior,Online,West,0.3196783204428613,0.22314274567402578,0.7440340278792437
CUST_000086,53,Female,Young Professional,Hybrid,East,0.519609770458547,0.47257639769643084,0.7777063469940407
CUST_000087,31,Female,Young Professional,Online,South,0.542496857464231,0.34955716868668585,0.8718192339076006
CUST_000088,48,Female,Student,Store,East,0.5941224751137932,0.3033502769772331,0.588588334296051
CUST_000089,65,Female,Young Professional,Online,West,0.7365338911495612,0.8317295095988315,0.151233653480123
CUST_000090,32,Male,Senior,Hybrid,Central,0.38662453233262123,0.6012270440078732,0.16884745155472125
CUST_000091,25,Male,Young Professional,Online,East,0.6272535338429205,0.08000105389196306,0.42157486879305983
CUST_000092,31,Female,Young Professional,Hybrid,Central,0.2870468677867217,0.6980890776053044,0.5248767615764737
CUST_000093,40,Female,Young Professional,Store,Central,0.4646011405274981,0.4939199390887846,0.8270755165462923
CUST_000094,74,Other,Student,Online,North,0.9478110511642187,0.2698997358245522,0.4266740628198657
CUST_000095,57,Male,High Net Worth,Online,East,0.3157174719668682,0.5501497447118708,0.833715195513866
CUST_000096,38,Male,Student,Online,East,0.6820270705716799,0.37030266860446626,0.7017430729538043
CUST_000097,33,Female,Family,Store,Central,0.4271285359573997,0.5979214410270337,0.491092876781865
CUST_000098,62,Male,Senior,Online,West,0.6924501902758637,0.19354354685944616,0.7338111062092928
CUST_000099,35,Female,Young Professional,Hybrid,North,0.7094824614559984,0.25552939003301306,0.6880278439870472
CUST_000100,64,Female,Family,Store,Central,0.3181166504358293,0.15907841523475494,0.8110466909896793
CUST_000101,70,Male,High Net Worth,Online,South,0.6244472705791674,0.2397038458415632,0.6592632765011047
CUST_000102,41,Female,Young Professional,Store,South,0.17893097386726295,0.26186182340331565,0.7198771634354594
CUST_000103,43,Female,Young Professional,Store,North,0.2226544773538982,0.46609304009078867,0.28662812716825076
CUST_000104,42,Male,Young Professional,Online,West,0.5757086367714549,0.2176206735813734,0.7877598555029349
CUST_000105,62,Female,Young Professional,Online,Central,0.7902934233989536,0.3735609283404472,0.6440568393224116
CUST_000106,58,Female,Young Professional,Online,East,0.5993359364676234,0.6203679822450615,0.7667632929177018
CUST_000107,46,Female,Senior,Store,North,0.32831991622944245,0.5096595192535595,0.4682361834654077
CUST_000108,32,Male,Family,Store,West,0.08763691461286953,0.321336977588041,0.8261587689196811
CUST_000109,62,Female,High Net Worth,Store,East,0.6308967691294493,0.025015809627395337,0.24131761241019978
CUST_000110,18,Male,Student,Hybrid,South,0.4720086967342881,0.38806492696731,0.5181113061823036
CUST_000111,42,Male,Family,Hybrid,South,0.5074403165333724,0.30590921867968324,0.8309022134921261
CUST_000112,24,Female,Family,Store,East,0.5863067480612328,0.16776914791901532,0.783832084181025
CUST_000113,26,Male,Family,Hybrid,North,0.7077202896851178,0.41119733308068473,0.38627525312902344
CUST_000114,41,Male,Senior,Online,South,0.47696852094572506,0.6156054247319931,0.5280490659814447
CUST_000115,18,Female,Family,Online,Central,0.8560966874441007,0.22533800132845413,0.6884076196652514
CUST_000116,61,Female,Senior,Online,East,0.34501771095886546,0.5466670127082689,0.9022823845270249
CUST_000117,25,Female,Family,Online,East,0.15809353043260516,0.3321219281106466,0.831872206307609
CUST_000118,41,Female,Senior,Store,South,0.7948426362426161,0.4369142711241468,0.7357592100246689
CUST_000119,28,Male,Family,Hybrid,North,0.20139263162171359,0.6093089756682815,0.5458749030901515
CUST_000120,68,Male,Family,Online,Central,0.5101334164891866,0.022367734093118933,0.36331020068379904
CUST_000121,34,Male,High Net Worth,Online,North,0.8143995218990053,0.17259024174053622,0.30669979862560365
CUST_000122,25,Female,Student,Store,West,0.13481334516761984,0.058803154719198475,0.37510234660757746
CUST_000123,52,Female,Young Professional,Hybrid,West,0.6613281983618453,0.16843219864326864,0.5082641058614303
CUST_000124,52,Female,High Net Worth,Online,South,0.14820928915303386,0.4467251148274376,0.45586982790162334
CUST_000125,50,Female,Family,Store,South,0.5348334559185279,0.9075868512700346,0.38325854492802935
CUST_000126,22,Male,High Net Worth,Online,South,0.028187590648553865,0.33458624127894687,0.2619972454650478
CUST_000127,59,Female,Student,Online,West,0.23848538600475147,0.6587589771413241,0.3949371686066033
CUST_000128,56,Male,Family,Hybrid,North,0.3150085913138461,0.43263449462405607,0.9854713475845713
CUST_000129,58,Female,Young Professional,Hybrid,North,0.12625128397530963,0.3495890701590213,0.745547414530575
CUST_000130,45,Male,Family,Online,South,0.6694696290411274,0.707949661581999,0.24740658341232544
CUST_000131,24,Female,Family,Hybrid,Central,0.5739991111366776,0.6465405559891603,0.8555674685521872
CUST_000132,26,Male,Senior,Store,North,0.785668465005905,0.17865432061973752,0.4164594558032261
CUST_000133,25,Male,Family,Hybrid,West,0.2321616800819741,0.7105863374637742,0.2948633929624539
CUST_000134,29,Male,Young Professional,Store,East,0.43725558246608265,0.008723248778751715,0.12370355319893411
CUST_000135,51,Female,Student,Store,East,0.16732254569572283,0.31658111176975423,0.856978556748479
CUST_000136,50,Female,High Net Worth,Store,East,0.3572449649519239,0.38903510782122475,0.7920042214328994
CUST_000137,65,Male,Family,Store,Central,0.8171631500926917,0.32179775279128203,0.5789148353075634
CUST_000138,72,Male,Young Professional,Online,South,0.6617360135662468,0.3895422254838662,0.8451527017860585
CUST_000139,40,Female,Family,Online,West,0.1929160629686012,0.24855911672623418,0.28618653657690973
CUST_000140,41,Male,Young Professional,Online,Central,0.06497017548977084,0.3615877354090481,0.5798895164783661
CUST_000141,54,Female,High Net Worth,Store,West,0.059852513145332326,0.6028674215987535,0.6470293510132096
CUST_000142,52,Female,Young Professional,Online,West,0.7025232506749087,0.45733554708663526,0.6533551400593929
CUST_000143,61,Male,Senior,Store,South,0.30522247122828133,0.7993290103977019,0.47401719857875774
CUST_000144,57,Male,Family,Hybrid,East,0.9420742203456912,0.4125666356941137,0.8846597126941654
CUST_000145,39,Other,Senior,Online,South,0.6154502104670251,0.35577657751795894,0.421476038976276
CUST_000146,44,Male,Senior,Store,Central,0.31203855668021097,0.8903325737019298,0.9087704450541603
CUST_000147,52,Male,Student,Store,Central,0.1979504061850249,0.6330561667248291,0.8369689825978402
CUST_000148,18,Female,Young Professional,Hybrid,Central,0.723843540753446,0.520700821032173,0.7224236805315642
CUST_000149,52,Female,Young Professional,Online,South,0.3361450248076983,0.09668200713215931,0.19326541262543365
CUST_000150,54,Other,Young Professional,Store,West,0.7053965185801349,0.7445615980684052,0.4372989766612654
CUST_000151,64,Female,High Net Worth,Hybrid,West,0.49500365282967235,0.5851536624991374,0.4132915001443566
CUST_000152,31,Male,High Net Worth,Hybrid,North,0.5428530280229208,0.1945835226985963,0.4979911183033444
CUST_000153,20,Male,Senior,Store,Central,0.7339732748131637,0.4822401489106934,0.6466072777890993
CUST_000154,18,Female,Senior,Store,West,0.1866589187626714,0.1914867404698179,0.35507348282038553
CUST_000155,22,Female,Senior,Store,North,0.6712957337915895,0.6955025307666252,0.32002314262416637
CUST_000156,43,Male,Young Professional,Hybrid,West,0.4517178758610089,0.6944402438921626,0.5098841986379431
CUST_000157,72,Female,High Net Worth,Store,Central,0.6986354573590743,0.6895769302017515,0.4432241072681456
CUST_000158,31,Male,Family,Online,East,0.7053786959625228,0.28972836429483223,0.6521810867742587
CUST_000159,56,Female,Family,Hybrid,Central,0.26698770517451464,0.6268380224172766,0.09333038362514513
CUST_000160,44,Male,Family,Store,South,0.6132239407920819,0.12182935272213963,0.6347545459554313
CUST_000161,26,Male,Young Professional,Store,West,0.23861119106944292,0.3940332546302998,0.7125563856114285
CUST_000162,32,Male,Young Professional,Online,West,0.4381199125816716,0.3287674926968224,0.46005387397375064
CUST_000163,32,Male,Student,Store,South,0.5284459643314237,0.29094850937461525,0.7323327385670336
CUST_000164,43,Male,Young Professional,Online,South,0.660730870948263,0.16375132482375454,0.7501248480682212
CUST_000165,59,Female,Senior,Store,East,0.6850266189405476,0.4159715006303275,0.7360932258181706
CUST_000166,30,Female,Young Professional,Online,West,0.20999787903713343,0.19481573737615598,0.8211883384707391
CUST_000167,68,Female,Family,Store,West,0.6350868790203147,0.294732849761181,0.6536196568690691
CUST_000168,49,Other,Family,Hybrid,East,0.4955881295378641,0.5393806027375769,0.5732556137787791
CUST_000169,56,Male,Family,Online,North,0.8896322115578359,0.3867538705202503,0.39995216337431544
CUST_000170,66,Male,Student,Hybrid,East,0.34189512872156336,0.3170819429765318,0.08835093801305546
CUST_000171,69,Female,Family,Store,Central,0.3871413315258967,0.20993918885344476,0.848588649488696
CUST_000172,49,Male,Senior,Hybrid,West,0.9396462230975946,0.49412742588368946,0.5209809673280859
CUST_000173,21,Other,Family,Hybrid,South,0.7584472169119019,0.5168590286951638,0.8010329922231035
CUST_000174,47,Male,Senior,Store,Central,0.1851608192691574,0.253830901689093,0.5262011643018915
CUST_000175,54,Other,High Net Worth,Store,West,0.40774597648804933,0.31593280348900604,0.8243713731485651
CUST_000176,40,Male,Student,Hybrid,East,0.6216228544655393,0.4169533372854457,0.49759979930968007
CUST_000177,56,Female,Young Professional,Store,Central,0.7380604208641571,0.18431842837189058,0.6526079026900663
CUST_000178,62,Female,Young Professional,Online,West,0.31929511817284656,0.4494429931609411,0.5565163516261099
CUST_000179,32,Other,Family,Store,North,0.8096199805128073,0.1781884297527615,0.5422044141358939
CUST_000180,60,Male,Senior,Hybrid,North,0.16510947576881183,0.2162864333178975,0.4395724558486643
CUST_000181,46,Female,Young Professional,Hybrid,South,0.2282176663823056,0.013173640116984471,0.4343593160818295
CUST_000182,53,Other,Family,Hybrid,West,0.7844631749141787,0.20239953158707039,0.5985560272476012
CUST_000183,30,Female,Senior,Store,North,0.48500273798927424,0.07871278629872085,0.7234922623864146
CUST_000184,49,Female,Family,Hybrid,East,0.5364531595624301,0.2630776784835085,0.934951765275308
CUST_000185,24,Female,Student,Online,West,0.7548736072439338,0.2571377378662631,0.4307132868886478
CUST_000186,68,Male,Young Professional,Store,East,0.3190875611412842,0.08728053973411891,0.324047859154448
CUST_000187,39,Female,Young Professional,Online,East,0.17321124079598504,0.3446879813302094,0.20098489621620302
CUST_000188,45,Female,Student,Online,North,0.6247430202940095,0.7307712075689045,0.3970938928978664
CUST_000189,19,Female,Family,Online,West,0.7326720067561643,0.8296486521715151,0.5602262782838915
CUST_000190,59,Male,Senior,Online,Central,0.5029299280876653,0.08795395760385215,0.5924271056664243
CUST_000191,62,Male,Family,Store,North,0.49295445906310686,0.46348544068645253,0.6865695596202135
CUST_000192,74,Female,Young Professional,Online,North,0.22961954573896093,0.4821572919256301,0.42830331515554343
CUST_000193,70,Female,Student,Store,West,0.3857585296697561,0.5346341368481178,0.6851637321534221
CUST_000194,23,Male,Student,Online,West,0.9089509576186376,0.29538910945446706,0.6783811707643876
CUST_000195,45,Female,Senior,Online,East,0.40356910438949795,0.5144731094696574,0.42357523843461653
CUST_000196,45,Male,Family,Online,West,0.4372517705025126,0.5625250545680979,0.43354267278146313
CUST_000197,61,Male,Senior,Online,East,0.49135543182837266,0.7886233833318019,0.15060395723748038
CUST_000198,61,Male,Family,Store,North,0.36858395953539536,0.44153073626148504,0.7731596729587987
CUST_000199,37,Male,Young Professional,Store,South,0.7912493976537339,0.06774031717695453,0.5460329923613458
CUST_000200,47,Female,High Net Worth,Store,Central,0.7059459464510173,0.32339003709360803,0.6758020448078207
CUST_000201,28,Male,Young Professional,Store,North,0.3689705074998135,0.443256586355564,0.5151921492654141
CUST_000202,72,Other,High Net Worth,Online,West,0.46847824508019703,0.2771090197782022,0.6396754001354412
CUST_000203,45,Other,Family,Hybrid,Central,0.4541023657275746,0.5438781940783874,0.7175082455251282
CUST_000204,42,Female,Young Professional,Store,South,0.4982333815154755,0.1431842764484858,0.5860853575867733
CUST_000205,56,Female,Family,Store,South,0.3783491361894662,0.8121961524981028,0.6197229281986372
CUST_000206,50,Male,High Net Worth,Online,East,0.33083846285729174,0.3056266819321865,0.801658684045627
CUST_000207,18,Female,Student,Online,Central,0.7690209053451845,0.14910561162376085,0.661820938438607
CUST_000208,74,Female,Student,Online,East,0.8562843187806247,0.1946040999178858,0.41032233211453367
CUST_000209,44,Male,Senior,Online,North,0.32051321219288287,0.7080474930981832,0.3326116471258359
CUST_000210,74,Female,Senior,Store,Central,0.44950622120917916,0.2033709674054612,0.499488837322641
CUST_000211,69,Female,Student,Store,North,0.6414651651971283,0.4652705413688146,0.39178465620286906
CUST_000212,30,Female,Young Professional,Store,East,0.16179576875442106,0.7495478914809749,0.6595002867607199
CUST_000213,58,Female,Family,Hybrid,Central,0.7639928372482212,0.18586218244457542,0.14574475126841827
CUST_000214,20,Female,Young Professional,Hybrid,East,0.3138767826004581,0.6946082232076677,0.4371725992672903
CUST_000215,56,Male,High Net Worth,Store,Central,0.6273231971480657,0.5743503954231751,0.6221800674025667
CUST_000216,23,Female,High Net Worth,Hybrid,East,0.0984449427504485,0.07230046299655643,0.6117339759250574
CUST_000217,25,Female,Young Professional,Online,South,0.6187447036096981,0.5455001374346956,0.6927113912727949
CUST_000218,44,Male,Student,Online,East,0.6213535608015543,0.6599684969202565,0.27683872545543375
CUST_000219,26,Male,High Net Worth,Online,South,0.6052277958368268,0.060824570760624266,0.632078334654376
CUST_000220,54,Male,Young Professional,Store,East,0.265674160991582,0.35862181418618133,0.3471497630790774
CUST_000221,50,Female,Senior,Hybrid,Central,0.3630407580592796,0.39324012749801274,0.7022797739111907
CUST_000222,68,Other,High Net Worth,Online,Central,0.5226259121471785,0.2853422555881366,0.4349709624286356
CUST_000223,59,Male,Young Professional,Hybrid,Central,0.382713990243287,0.2834627291320049,0.4837799614273835
CUST_000224,61,Female,Senior,Online,West,0.2866170856734087,0.12919304823840808,0.5493355433771442
CUST_000225,41,Male,Family,Hybrid,North,0.7765279154296235,0.4610834670839732,0.7385065249773034
CUST_000226,32,Other,High Net Worth,Online,Central,0.06671305272208446,0.012638171280138869,0.41384510125722496
CUST_000227,71,Female,High Net Worth,Online,South,0.8370830264274101,0.3877699432357372,0.25959904533127015
CUST_000228,49,Female,High Net Worth,Store,Central,0.23594636809925673,0.3266466860836787,0.5804389476319234
CUST_000229,49,Male,Family,Online,West,0.5278433140658239,0.3323245378630786,0.4975715211567486
CUST_000230,41,Male,High Net Worth,Online,South,0.5707587121344736,0.5291236823961698,0.6049130664794481
CUST_000231,58,Male,Student,Online,West,0.27364300387477447,0.3528483290025047,0.9658277147266123
CUST_000232,69,Male,Family,Hybrid,South,0.3882566960639838,0.43534049555240084,0.6497494285582801
CUST_000233,66,Female,Student,Store,East,0.6874197578406307,0.3300229720129927,0.6690116207769805
CUST_000234,66,Female,Young Professional,Online,North,0.4495575621722931,0.2598162800006217,0.15641304578781218
CUST_000235,69,Other,Senior,Store,North,0.9286236001178759,0.36090929000666316,0.853887244167759
CUST_000236,29,Other,Young Professional,Store,West,0.2863368266028622,0.6708091821717577,0.4672975699190149
CUST_000237,56,Female,Young Professional,Online,North,0.2962854621448152,0.48734062438587994,0.7191033372091185
CUST_000238,19,Female,Young Professional,Store,West,0.2520130107973337,0.02399202252853571,0.38499321224102173
CUST_000239,20,Female,Senior,Online,West,0.34421818250559083,0.4945744627689138,0.2351419654381507
CUST_000240,66,Female,Family,Online,West,0.4805182491848923,0.5369223696946723,0.5179188261201308
CUST_000241,54,Male,Student,Store,North,0.9607507492903419,0.06392391212329511,0.4207118038945098
CUST_000242,66,Male,Young Professional,Online,West,0.33839185791860477,0.5601774253908399,0.45968750143456727
CUST_000243,73,Male,Family,Store,North,0.08067022316025248,0.39510893880347314,0.6024233974548283
CUST_000244,34,Female,Family,Store,West,0.40590550820006427,0.821226272232715,0.840650174154425
CUST_000245,66,Female,Student,Online,Central,0.443079751467833,0.19663322444523507,0.4491498523710273
CUST_000246,19,Male,Family,Store,West,0.8190321507927897,0.46949004749713324,0.8176295735987267
CUST_000247,19,Female,Senior,Online,South,0.48842766962899603,0.2810974485641379,0.9231670014699882
CUST_000248,45,Female,High Net Worth,Hybrid,West,0.34921397695237405,0.7085121525915058,0.3710481749573247
CUST_000249,71,Male,Senior,Store,East,0.2957915961594833,0.3433840643822426,0.4327859172885538
CUST_000250,40,Male,Young Professional,Hybrid,West,0.6060131170157556,0.7463221222342072,0.6002639942454425
CUST_000251,54,Female,Young Professional,Store,South,0.4706481919732903,0.11774091126783634,0.5950124369094063
CUST_000252,49,Female,High Net Worth,Online,South,0.5887801806182545,0.4123134660531107,0.7610444253798097
CUST_000253,50,Female,Young Professional,Store,North,0.22730641986149025,0.477783275926387,0.47142080733203623
CUST_000254,18,Female,High Net Worth,Hybrid,Central,0.45316333715233253,0.5499545845390981,0.7413291210294245
CUST_000255,36,Female,Family,Store,West,0.7409467365426572,0.7117235905578826,0.7725693233029233
CUST_000256,19,Female,High Net Worth,Hybrid,North,0.14257850243280723,0.4413803831269956,0.4720468414452497
CUST_000257,70,Female,Student,Hybrid,Central,0.23929034748927552,0.09037669702984141,0.8143139077456905
CUST_000258,61,Female,High Net Worth,Online,West,0.4328249604127895,0.2336755631372422,0.4663627770398758
CUST_000259,43,Male,Family,Online,East,0.7812213092003,0.14117985399988608,0.8781646907164198
CUST_000260,49,Male,Student,Store,West,0.8511060683614362,0.8096458463203526,0.7432893099467556
CUST_000261,23,Male,Family,Store,South,0.26599849482592275,0.41239676697653854,0.9135709276989827
CUST_000262,49,Female,Family,Hybrid,South,0.7712239633733906,0.2964296060137291,0.7578006739072158
CUST_000263,72,Female,Senior,Hybrid,East,0.8596031927698493,0.46599298610044615,0.3599392677381221
CUST_000264,21,Female,High Net Worth,Online,North,0.6744317614568927,0.5108647767848036,0.9603727106810714
CUST_000265,72,Male,High Net Worth,Online,Central,0.5033764576272375,0.41842962700483893,0.744554674613967
CUST_000266,28,Male,Student,Hybrid,West,0.5237333961294357,0.5018762666588136,0.8381906374873653
CUST_000267,73,Male,Family,Online,South,0.3277873587264933,0.5976550711852392,0.35673441323047833
CUST_000268,34,Male,Family,Hybrid,North,0.332823100162601,0.18715625982593753,0.33133171335627826
CUST_000269,55,Female,Student,Store,East,0.39218215169172016,0.4251119858530567,0.7052611055019062
CUST_000270,41,Male,Young Professional,Store,South,0.38723427760033874,0.46170261306644617,0.1866730248565102
CUST_000271,22,Male,Young Professional,Online,East,0.3706284447612304,0.6195610649116788,0.7113470540401673
CUST_000272,69,Female,Family,Store,West,0.21372282044534482,0.616433474880452,0.44903166572297704
CUST_000273,51,Male,Family,Store,Central,0.8467228679099534,0.2534164849448002,0.7318568478408234
CUST_000274,23,Female,Family,Store,South,0.4558431212630053,0.12073760550253547,0.625502818766751
CUST_000275,39,Female,Young Professional,Online,South,0.352524311525455,0.3695456890621302,0.6730981449608653
CUST_000276,28,Male,Young Professional,Store,West,0.16115776510598945,0.4943008015039763,0.3869238204723623
CUST_000277,65,Female,Young Professional,Hybrid,North,0.6550606523289494,0.6896994213045597,0.8870854256933794
CUST_000278,33,Female,High Net Worth,Online,Central,0.308160420892726,0.17013022746033987,0.9222330809526135
CUST_000279,50,Female,Family,Online,South,0.37717512831387606,0.08766064506261984,0.4501589020836133
CUST_000280,26,Male,Family,Online,Central,0.3190672631443641,0.19318336217129137,0.7424642636929671
CUST_000281,23,Female,Senior,Store,South,0.6374359762322861,0.08361379402246583,0.2269126208087984
CUST_000282,33,Female,Young Professional,Store,Central,0.5554087667835396,0.4826022521379685,0.6198036891295459
CUST_000283,46,Male,High Net Worth,Store,East,0.10161201302462089,0.4469108446392501,0.6096838344640602
CUST_000284,20,Male,Student,Online,South,0.7465704283917763,0.5442773902166395,0.3176757949219666
CUST_000285,37,Other,Young Professional,Online,Central,0.660072510227836,0.19549289932427216,0.5588051184029654
CUST_000286,53,Female,Family,Store,North,0.49886338197670244,0.5893006910020113,0.8615130093248938
CUST_000287,36,Male,High Net Worth,Store,East,0.2914601718445416,0.21867787616441545,0.8862993499302774
CUST_000288,43,Female,High Net Worth,Hybrid,East,0.7321740786799632,0.4745196903315144,0.4858634921966226
CUST_000289,20,Male,Family,Online,North,0.5019185592448059,0.8432393565418769,0.3343604057261571
CUST_000290,36,Male,Senior,Store,Central,0.37700691215211046,0.19862221899968358,0.5553708634410948
CUST_000291,37,Male,Young Professional,Store,West,0.2097502926205175,0.2373213157305233,0.6960005651357686
CUST_000292,49,Male,High Net Worth,Store,North,0.46383286192920214,0.2134410077279595,0.581655541974468
CUST_000293,24,Male,Young Professional,Store,Central,0.8124803934594235,0.26199753569461043,0.5347718513382003
CUST_000294,69,Male,High Net Worth,Store,North,0.43161364249401313,0.2329185746969105,0.4165852145384675
CUST_000295,58,Female,Senior,Hybrid,North,0.16095916776200628,0.2829798656819357,0.36738761261738767
CUST_000296,50,Male,Senior,Online,South,0.3913256389970091,0.32964295233108687,0.7336376679797129
CUST_000297,57,Male,Family,Online,Central,0.3894983189462793,0.5115883670514596,0.467095799555092
CUST_000298,56,Female,Young Professional,Store,West,0.49130242056513734,0.6258275423083522,0.6684348248925123
CUST_000299,35,Male,Young Professional,Store,South,0.3021315477005372,0.5092952629441388,0.1271529940167794
CUST_000300,57,Female,Young Professional,Online,North,0.34643731570159086,0.3841202417882938,0.47385988847506244
CUST_000301,18,Male,Young Professional,Online,North,0.15446815764996127,0.07337857502969392,0.8911595141311427
CUST_000302,28,Male,Student,Online,North,0.5700085038892293,0.810444900049575,0.8372660267996198
CUST_000303,45,Male,Family,Hybrid,Central,0.30653602561224946,0.4156535306683128,0.48095285911166963
CUST_000304,74,Male,Young Professional,Online,Central,0.24327729951627922,0.3958874848231183,0.5574761212846623
CUST_000305,42,Male,High Net Worth,Online,South,0.72256976869483,0.6704212608878727,0.26020710193841223
CUST_000306,67,Male,High Net Worth,Online,West,0.7750588133260653,0.31038118857799085,0.8051437933706025
CUST_000307,40,Male,High Net Worth,Online,South,0.5369446838874926,0.39219016804853396,0.27921307523642874
CUST_000308,48,Male,High Net Worth,Online,East,0.8470199419028595,0.5567531332954277,0.573980502909545
CUST_000309,47,Male,Young Professional,Store,North,0.7618356548008954,0.6475586686699071,0.6785592456488331
CUST_000310,59,Male,Family,Online,North,0.4843764990894026,0.35733911443813415,0.20173072351127622
CUST_000311,52,Male,Student,Hybrid,North,0.2361844190634108,0.430648873189539,0.5241555755759114
CUST_000312,24,Female,Senior,Online,South,0.39389950243971267,0.7227312283481409,0.9565274365272911
CUST_000313,33,Female,Young Professional,Store,South,0.31093453858616893,0.37434861350322535,0.34954703001980963
CUST_000314,43,Male,Student,Hybrid,North,0.6339811640891277,0.33624888945921366,0.45668992023264887
CUST_000315,65,Female,Young Professional,Store,South,0.3920390880569252,0.47064714476780395,0.629812059473546
CUST_000316,74,Female,Young Professional,Store,Central,0.1380822989258208,0.31183564338796127,0.5564796506239817
CUST_000317,69,Male,Family,Online,Central,0.43470124516772524,0.4231372191971841,0.905901452626773
CUST_000318,66,Female,Senior,Online,South,0.4481161070241339,0.506676540487916,0.7802591738723897
CUST_000319,19,Female,Senior,Store,North,0.5059188892937314,0.5535919244515447,0.6905025714108259
CUST_000320,18,Male,Young Professional,Hybrid,South,0.6924507751066126,0.20996005815175206,0.20891290653931852
CUST_000321,65,Male,High Net Worth,Store,South,0.15057887998859024,0.4050655643636935,0.5523192458304357
CUST_000322,29,Female,Family,Store,South,0.7577611085930716,0.5797095993702573,0.7773733184075691
CUST_000323,22,Female,Young Professional,Store,East,0.5323056538470203,0.493916066722404,0.5762634891408583
CUST_000324,54,Male,High Net Worth,Store,Central,0.6424497718054418,0.43588727388255466,0.4176298023504666
CUST_000325,49,Male,High Net Worth,Online,West,0.3569247549149241,0.5009901366960783,0.5712282852483623
CUST_000326,72,Male,High Net Worth,Store,West,0.444393452947237,0.1766181216258006,0.6149978578692804
CUST_000327,26,Female,Student,Hybrid,East,0.7494439831178427,0.31250381916097625,0.36385844812565526
CUST_000328,58,Female,Senior,Online,South,0.7350919808020957,0.23577261248391918,0.7419428396503823
CUST_000329,52,Male,Senior,Store,East,0.5103166929568481,0.4056346293463658,0.3282663128734144
CUST_000330,36,Male,Young Professional,Online,East,0.39042659998030804,0.6791002726721148,0.5035127145994116
CUST_000331,65,Female,Family,Store,North,0.6004027172408981,0.21571211511330599,0.419695619689425
CUST_000332,33,Male,Family,Online,Central,0.5124104674716627,0.4016913806332625,0.8378607894809308
CUST_000333,20,Male,Family,Store,West,0.8138762898935565,0.2513993416032894,0.4123558321735149
CUST_000334,37,Female,Student,Hybrid,South,0.29520718095650467,0.1903200486498978,0.3506128500328068
CUST_000335,41,Female,Family,Online,West,0.3006617395606568,0.44607356422973504,0.4883588234737814
CUST_000336,71,Female,Young Professional,Store,West,0.40314466364394286,0.1810476821314095,0.4351267369495212
CUST_000337,73,Female,Young Professional,Hybrid,Central,0.2460788113518518,0.44646834517271866,0.8750649349571444
CUST_000338,50,Male,Senior,Hybrid,West,0.5657363669006568,0.49516599253580196,0.4457388438576198
CUST_000339,41,Male,Young Professional,Online,West,0.12343958463646158,0.2409784981911536,0.9231971482277397
CUST_000340,69,Female,High Net Worth,Online,East,0.8557606435675232,0.3930059512647493,0.526041750123565
CUST_000341,28,Male,Family,Online,Central,0.6260018191913919,0.7916930415047935,0.7748709353837642
CUST_000342,66,Male,Family,Hybrid,North,0.6768308095192551,0.06347034924276314,0.4193159802320645
CUST_000343,25,Male,Senior,Hybrid,South,0.12041704065050118,0.32788611833293674,0.856016523066158
CUST_000344,53,Male,Student,Store,West,0.6348671855518568,0.8032653093036903,0.6584191980868525
CUST_000345,55,Male,Family,Hybrid,South,0.5604601287976957,0.48361201505267043,0.3795857687963512
CUST_000346,57,Male,Senior,Store,North,0.575410711603741,0.6228706484429231,0.897460560522667
CUST_000347,37,Male,Senior,Store,South,0.45808457610368974,0.6769349388379232,0.44669295934608344
CUST_000348,52,Male,Family,Online,North,0.6359207521355592,0.6316859988646558,0.548598108407692
CUST_000349,65,Female,High Net Worth,Hybrid,East,0.28788992277170683,0.47870749323218575,0.7125792754857603
CUST_000350,42,Female,Student,Online,West,0.5917073897565386,0.5391163591289774,0.4029282751771244
CUST_000351,52,Female,Senior,Hybrid,North,0.2172671548522801,0.23140244497958493,0.15851983096139954
CUST_000352,42,Female,High Net Worth,Hybrid,South,0.17800895617839957,0.3400359004345804,0.9088447446756077
CUST_000353,46,Female,High Net Worth,Store,West,0.8681506131335458,0.710068752629599,0.43373130144755173
CUST_000354,35,Male,Student,Online,East,0.277555820422343,0.7249185759973493,0.26460467474632743
CUST_000355,63,Female,Student,Online,West,0.23102135414044367,0.4004898839782696,0.7061059541580701
CUST_000356,35,Female,Senior,Online,North,0.920403115792557,0.4129077464565565,0.5709007469247122
CUST_000357,19,Female,Senior,Online,East,0.7670917391304015,0.22857707205797903,0.5618551999046077
CUST_000358,71,Male,Senior,Online,South,0.38671919798082577,0.5267171427030604,0.6142059013621508
CUST_000359,52,Male,Student,Hybrid,East,0.968168193956265,0.06873356025373152,0.8349795893157105
CUST_000360,33,Male,Young Professional,Store,East,0.3533867846125684,0.22789087340361455,0.7115642136264932
CUST_000361,58,Male,High Net Worth,Online,Central,0.7658363598070336,0.4565242999995196,0.26157774401512757
CUST_000362,53,Female,High Net Worth,Online,East,0.5813169993380412,0.4030627567648593,0.19281342437885196
CUST_000363,50,Female,Young Professional,Store,East,0.350560694308637,0.4233109821764695,0.813666591025872
CUST_000364,21,Male,Student,Store,West,0.7386885069482529,0.35023353900833254,0.9896482761027338
CUST_000365,50,Other,Young Professional,Store,South,0.15219830786242938,0.08575491155692508,0.6922989912122748
CUST_000366,31,Female,Family,Hybrid,West,0.5902096988362532,0.6964547461506606,0.5491459384231968
CUST_000367,38,Male,Student,Store,West,0.43780353797500143,0.28253908929906385,0.6440793341372169
CUST_000368,65,Male,Young Professional,Hybrid,North,0.7402168860560522,0.412188223347464,0.6097090135175802
CUST_000369,37,Male,Student,Hybrid,West,0.5174176698898393,0.7338583081024004,0.6224997284695982
CUST_000370,73,Male,Student,Online,Central,0.5844036644235476,0.5966647698584604,0.7147680851606444
CUST_000371,25,Male,Family,Hybrid,Central,0.6242161471201758,0.7546696382383538,0.5916671499461084
CUST_000372,24,Male,Young Professional,Online,North,0.3990087547245326,0.29536773437604047,0.4335083886922096
CUST_000373,20,Male,Family,Hybrid,South,0.5632401351531274,0.2967787488512366,0.7937052137677287
CUST_000374,34,Male,Senior,Online,South,0.9115863109552153,0.6616654555654181,0.49489538833057567
CUST_000375,50,Female,High Net Worth,Hybrid,West,0.5456934048646637,0.38854423994770765,0.5644707532740048
CUST_000376,65,Male,Senior,Hybrid,West,0.3998659042333558,0.23231093898488295,0.7753666771316613
CUST_000377,29,Female,Family,Hybrid,West,0.7360652438976234,0.7882995315942863,0.7997236194526031
CUST_000378,68,Male,Senior,Hybrid,South,0.3856525734648088,0.2609035303138351,0.8156964395084866
CUST_000379,39,Other,Family,Online,East,0.8755658272220762,0.38152706642506057,0.7364394418688389
CUST_000380,72,Male,Student,Online,Central,0.8150883411773739,0.37646190992978923,0.7531039264161076
CUST_000381,39,Male,Young Professional,Store,East,0.37405438526241414,0.5078714568462457,0.5143696530232452
CUST_000382,63,Other,Student,Online,East,0.3704811808738051,0.2334313897781656,0.3406477543538233
CUST_000383,47,Female,Family,Store,South,0.6702667206362294,0.06434650447923035,0.20001718984952033
CUST_000384,55,Female,High Net Worth,Online,East,0.851535974505375,0.4804977033831192,0.757412919973699
CUST_000385,55,Male,Family,Hybrid,North,0.7208733936579604,0.4523831718465491,0.6644664294250043
CUST_000386,62,Male,Senior,Store,West,0.48473342364005595,0.13398326910543992,0.37813509081301466
CUST_000387,68,Female,High Net Worth,Hybrid,North,0.49472398756249636,0.35349522004371664,0.6456351926045883
CUST_000388,71,Female,Young Professional,Online,Central,0.46578654285784205,0.13226117253630462,0.3642535070605003
CUST_000389,25,Female,High Net Worth,Hybrid,West,0.5244108882654301,0.5441851820814604,0.8367733618831367
CUST_000390,44,Female,Senior,Hybrid,East,0.3722394970446159,0.14540172766831969,0.0890108160265046
CUST_000391,44,Male,Young Professional,Store,Central,0.9669419600261788,0.49321952378052586,0.49733089829339355
CUST_000392,51,Female,Family,Store,West,0.7004473803055027,0.5476981929316983,0.9389349748762438
CUST_000393,38,Male,Student,Hybrid,East,0.6443990439134487,0.3840450487611767,0.4129397198233805
CUST_000394,47,Male,Young Professional,Online,North,0.8014780363634179,0.7644114664288827,0.9313466869745883
CUST_000395,50,Male,Senior,Store,West,0.15053643691871432,0.028356543339767674,0.2775809070697925
CUST_000396,45,Female,Family,Online,East,0.7121935499406467,0.6129333588177248,0.46289181884082764
CUST_000397,64,Male,Senior,Online,North,0.8094170358892551,0.4554531938323963,0.4967942408833045
CUST_000398,50,Male,Young Professional,Online,Central,0.21050970220918436,0.6156841918856427,0.7687803680397531
CUST_000399,22,Female,High Net Worth,Online,Central,0.7991901143121325,0.7396287573704484,0.560538475451956
CUST_000400,65,Male,High Net Worth,Online,Central,0.6986865938509363,0.38531203121149604,0.2827490119374223
CUST_000401,36,Female,High Net Worth,Online,Central,0.500117043279497,0.37138684872966216,0.895507595026642
CUST_000402,21,Male,Student,Hybrid,South,0.4430363988822813,0.721839647523239,0.6486489861629939
CUST_000403,52,Female,Young Professional,Store,West,0.2634849229918877,0.2664596847936061,0.6676464140873716
CUST_000404,66,Female,Student,Hybrid,West,0.10545453413887505,0.5369024418872193,0.5675166085262573
CUST_000405,34,Male,Young Professional,Store,South,0.7612077266481396,0.4799493722226591,0.7122833984901299
CUST_000406,61,Male,Young Professional,Online,East,0.23085740617040065,0.6976536802817793,0.13528706687778574
CUST_000407,45,Male,Family,Store,East,0.3222592763923667,0.09564117619107464,0.709581063877865
CUST_000408,47,Male,Family,Store,Central,0.9352026417529582,0.08933540606334862,0.8240186154101276
CUST_000409,46,Other,Student,Online,North,0.6253538846791761,0.29400259064297724,0.5344546930958123
CUST_000410,63,Male,Senior,Store,East,0.580247954858926,0.38022784591371733,0.42213561159218455
CUST_000411,70,Female,Family,Online,North,0.4642692601383799,0.4669265471340992,0.5326911112869677
CUST_000412,23,Male,Family,Store,West,0.7652095375086789,0.20643094738900566,0.29427130923715233
CUST_000413,52,Female,High Net Worth,Store,North,0.222671159561585,0.06527527456301091,0.3957625868207748
CUST_000414,58,Female,Family,Online,West,0.6247588463724525,0.8715325820889366,0.6930608654426349
CUST_000415,54,Female,Family,Online,South,0.21172765719067868,0.2883676549930523,0.4876862964715903
CUST_000416,41,Male,Young Professional,Hybrid,South,0.9122408088813,0.6562804336872239,0.867885935622947
CUST_000417,46,Male,Student,Store,Central,0.5989903126857778,0.19628957702508668,0.4403901333383064
CUST_000418,66,Male,Senior,Online,East,0.2565761497463197,0.3531804140357656,0.4691403257595594
CUST_000419,63,Female,Young Professional,Hybrid,Central,0.48761575401958424,0.14625118372774,0.4084273137929395
CUST_000420,70,Female,Young Professional,Online,West,0.7082511041922083,0.8017723210152761,0.894280188891897
CUST_000421,48,Other,Senior,Store,Central,0.3966884600173777,0.2695367369594555,0.5261029593411026
CUST_000422,52,Male,Senior,Hybrid,North,0.391687409687136,0.11551069084293876,0.5341439523206815
CUST_000423,50,Female,Family,Online,West,0.73975776304816,0.7154163859193058,0.14756984457031247
CUST_000424,69,Female,High Net Worth,Online,South,0.4620681092659789,0.28874845928829784,0.28691340740510685
CUST_000425,38,Male,Young Professional,Online,East,0.7895308972360946,0.7087084264690166,0.323256318703399
CUST_000426,49,Male,Family,Online,West,0.5270284231812858,0.5776400996409147,0.7355877453926076
CUST_000427,40,Female,High Net Worth,Online,West,0.7020841105721238,0.48232085818834264,0.7226773465729631
CUST_000428,50,Female,Family,Store,North,0.8280074065043259,0.5308535582502921,0.505349742343512
CUST_000429,20,Female,Senior,Online,East,0.8197245098137107,0.2718572586319868,0.6626356422502087
CUST_000430,35,Male,Family,Store,South,0.23720136676327797,0.27099391203169576,0.31627891950480774
CUST_000431,42,Female,Family,Hybrid,West,0.6465377660628753,0.41576519353957225,0.906585716891599
CUST_000432,59,Male,High Net Worth,Hybrid,West,0.8719860670057284,0.6045458729799676,0.8039622074316406
CUST_000433,48,Male,Family,Store,North,0.7471181642497252,0.40532748146777947,0.7921730617049711
CUST_000434,71,Male,High Net Worth,Online,Central,0.5059721637939079,0.06282710114620972,0.8203907159107713
CUST_000435,20,Female,Young Professional,Store,South,0.7548628061052428,0.5069388631897489,0.343162547909747
CUST_000436,57,Female,Young Professional,Store,East,0.900619070441033,0.33930945213435837,0.6488841391293589
CUST_000437,63,Female,Young Professional,Store,West,0.6975276792074177,0.41291134748007186,0.8057799521608625
CUST_000438,41,Male,Senior,Online,West,0.7202469105918565,0.36093308329818463,0.6251732398843091
CUST_000439,67,Female,Family,Hybrid,South,0.5999233564393067,0.34831429865830765,0.17263929322710228
CUST_000440,49,Male,High Net Worth,Store,Central,0.1708828455164954,0.39702055082756293,0.4343306505703606
CUST_000441,64,Female,Family,Online,West,0.6495748067395664,0.6235024044724663,0.49312162815421023
CUST_000442,39,Male,High Net Worth,Online,South,0.23380389527881604,0.16742037017555247,0.349565387870675
CUST_000443,40,Male,Young Professional,Store,North,0.6674191148943001,0.3259859262818034,0.4424773379708931
CUST_000444,19,Male,High Net Worth,Hybrid,Central,0.14791033038359003,0.14393001053784435,0.6133567618418182
CUST_000445,44,Male,Student,Store,East,0.22079846189084398,0.34761386970382396,0.6959130158662277
CUST_000446,59,Female,Student,Hybrid,West,0.461186889939961,0.4101142052925852,0.8702792092628008
CUST_000447,19,Female,Student,Online,South,0.4089806833374404,0.190265033053136,0.3174640556622867
CUST_000448,43,Male,Student,Store,North,0.770360237808928,0.46699364030105533,0.7048873463916471
CUST_000449,34,Female,Senior,Store,East,0.658313120660829,0.4803039359920665,0.5032167056785933
CUST_000450,57,Male,Young Professional,Online,South,0.36030291965957656,0.2248672755606171,0.3032645737835016
CUST_000451,50,Female,Young Professional,Online,South,0.3606814453669037,0.3930434452630329,0.7983895333812693
CUST_000452,26,Female,High Net Worth,Hybrid,East,0.5486844609751786,0.07216911387406041,0.7525599401032617
CUST_000453,60,Female,Senior,Online,North,0.4515712335416968,0.1954360518460891,0.8236719706841957
CUST_000454,71,Male,Student,Store,North,0.6534526653537747,0.28936300001456283,0.5709616064680427
CUST_000455,65,Female,Family,Online,Central,0.6290270989613478,0.272452916633381,0.5376719669558099
CUST_000456,56,Female,Young Professional,Online,West,0.7730557147512704,0.10540285364652376,0.19934233029685908
CUST_000457,46,Male,Young Professional,Online,East,0.6217074376643682,0.15071212168161088,0.3277495653073831
CUST_000458,59,Male,Senior,Hybrid,East,0.5003342550092518,0.3111481873662693,0.7279449054979398
CUST_000459,72,Female,Family,Hybrid,East,0.35253912679595456,0.6554084915365388,0.6768084202400554
CUST_000460,43,Female,Young Professional,Hybrid,North,0.8475351793576419,0.5885186683233075,0.46144146279633264
CUST_000461,52,Female,Family,Store,West,0.5560833172059099,0.3782436314956905,0.7249659190201689
CUST_000462,67,Female,Young Professional,Online,Central,0.6218691660934836,0.5187558633827131,0.564288814762042
CUST_000463,42,Female,Senior,Store,South,0.4391135187424357,0.6589860610057984,0.7287089155687232
CUST_000464,41,Male,Family,Store,South,0.41496267206048515,0.14303434983163074,0.28595548994808223
CUST_000465,30,Male,Student,Hybrid,East,0.31542878854667433,0.7153252145251617,0.9370471541147831
CUST_000466,24,Male,Family,Online,West,0.5013337378901187,0.5822079397366129,0.3307035814570784
CUST_000467,74,Female,Family,Store,North,0.32577080065241804,0.5997322663716073,0.46703523577161277
CUST_000468,53,Male,Young Professional,Online,West,0.36499703951365375,0.14819121090659235,0.3416745034877919
CUST_000469,62,Female,Young Professional,Online,West,0.6824608801194373,0.28003485907534553,0.4362077749291871
CUST_000470,37,Female,Family,Store,North,0.192810289482705,0.6225314065624163,0.6447705481131207
CUST_000471,18,Female,Family,Store,East,0.28416561175256255,0.40821345830139794,0.11324277135761
CUST_000472,25,Male,Senior,Online,West,0.6482461804221342,0.4259895254514016,0.8134285126134989
CUST_000473,63,Female,Family,Online,South,0.6857128605755609,0.6520758634344199,0.7015020076341031
CUST_000474,33,Male,Senior,Store,North,0.7792684917690578,0.31720581775499157,0.38417232639527027
CUST_000475,31,Female,High Net Worth,Hybrid,Central,0.1024534319574766,0.5068930659269562,0.33493100894608785
CUST_000476,29,Male,Student,Hybrid,East,0.7433185183413299,0.7082496352771095,0.6791145787563615
CUST_000477,68,Male,Young Professional,Hybrid,North,0.28998026571023194,0.7499659484054751,0.7401365943523979
CUST_000478,40,Female,Family,Hybrid,Central,0.44656841233397704,0.22565171329930717,0.48413857434870544
CUST_000479,32,Male,Young Professional,Online,Central,0.16310031500628316,0.29836855768184045,0.4743670070510647
CUST_000480,45,Male,Young Professional,Store,West,0.0416546554401851,0.5576171922941164,0.19836746450864
CUST_000481,51,Female,High Net Worth,Store,West,0.7706057914859353,0.7784477902487728,0.8630682287529832
CUST_000482,19,Female,Young Professional,Online,West,0.2594132735433539,0.2091341544856452,0.6064705107027479
CUST_000483,49,Female,Family,Hybrid,North,0.676988883799946,0.5491771946359522,0.6840039904093722
CUST_000484,40,Female,Senior,Online,North,0.3676727603646171,0.36339014167029887,0.285068431349806
CUST_000485,39,Female,Student,Hybrid,East,0.7959280717514875,0.6844195582734053,0.42359917017741877
CUST_000486,68,Male,Senior,Store,West,0.4195392458660981,0.23644403285837254,0.2148438848424927
CUST_000487,42,Male,Young Professional,Store,Central,0.44994529091905944,0.6881225769712415,0.7254272895515601
CUST_000488,39,Male,Family,Store,South,0.2953314319446752,0.6051084879737639,0.7788311010792245
CUST_000489,39,Female,Family,Hybrid,East,0.2517679138603819,0.31440714760371113,0.604616348475004
CUST_000490,66,Female,Young Professional,Store,North,0.7383002424619348,0.10151859907826634,0.7085420438315827
CUST_000491,69,Male,Family,Store,East,0.4864522880548394,0.5059310214964956,0.6623010614544655
CUST_000492,59,Male,Young Professional,Online,East,0.09655799630381981,0.35805372186721135,0.7703334068344718
CUST_000493,23,Female,Young Professional,Store,East,0.823705722162267,0.08150018923605523,0.764087330595372
CUST_000494,32,Male,Family,Online,East,0.6980431336912741,0.7005681981794012,0.2647356710085154
CUST_000495,71,Female,Young Professional,Store,South,0.2954877777735238,0.3402103971147508,0.4604623849743566
CUST_000496,60,Female,Senior,Store,West,0.16229880429788507,0.690222203958782,0.6792481349697687
CUST_000497,54,Female,Senior,Store,Central,0.27844720774264375,0.5132964816189673,0.5147057846329364
CUST_000498,50,Male,Student,Online,East,0.5105682187949326,0.6859675698012998,0.4377136305344698
CUST_000499,25,Female,Young Professional,Online,East,0.7769712879034052,0.03407262505469547,0.7451917685637582
